{
    "AggressionWeights": {
        "base": 1.0,
        "distance": 0.6000000238418579,
        "health": 0.20000000298023224
    }
}
