{
    "bossAIParameter": {
        "farDistance": 100.0,
        "midDistance": 50.599998474121094,
        "nearDistance": 15.600000381469727
    }
}
