{"nodes":{"node:100":{"group_size":{"x":224,"y":336},"location":{"x":448,"y":496}},"node:10000":{"group_size":{"x":432,"y":464},"location":{"x":688,"y":480}},"node:226":{"location":{"x":466,"y":38}},"node:229":{"location":{"x":463,"y":182}},"node:232":{"location":{"x":255,"y":402}},"node:235":{"location":{"x":242,"y":530}},"node:241":{"location":{"x":210,"y":678}},"node:247":{"location":{"x":482,"y":290}},"node:253":{"location":{"x":498,"y":598}},"node:257":{"location":{"x":834,"y":626}},"node:260":{"location":{"x":754,"y":774}},"node:393":{"location":{"x":930,"y":774}}},"selection":null,"view":{"scroll":{"x":-298.764617919921875,"y":-69.858642578125},"visible_rect":{"max":{"x":1560.9129638671875,"y":973.02581787109375},"min":{"x":-605.45855712890625,"y":-141.57135009765625}},"zoom":0.493451833724975586}}