{"nodes":{"node:100":{"location":{"x":0,"y":0}},"node:10000":{"location":{"x":0,"y":0}},"node:399":{"location":{"x":0,"y":0}},"node:402":{"location":{"x":-27,"y":134}},"node:408":{"location":{"x":-238,"y":246}},"node:415":{"location":{"x":-78,"y":294}},"node:422":{"location":{"x":82,"y":310}},"node:429":{"location":{"x":194,"y":246}},"node:436":{"location":{"x":242,"y":166}}},"selection":null,"view":{"scroll":{"x":-121.000091552734375,"y":-42.7500343322753906},"visible_rect":{"max":{"x":1264.0001220703125,"y":676.33343505859375},"min":{"x":-161.33349609375,"y":-57.0000572204589844}},"zoom":0.749999821186065674}}