{"nodes":{"node:1":{"group_size":{"x":288,"y":320},"location":{"x":400,"y":432}},"node:2":{"group_size":{"x":528,"y":536},"location":{"x":208,"y":1008}},"node:266":{"location":{"x":1312,"y":380}},"node:269":{"location":{"x":1282,"y":530}},"node:272":{"location":{"x":418,"y":1106}},"node:278":{"location":{"x":290,"y":1318}},"node:285":{"location":{"x":498,"y":1302}},"node:290":{"location":{"x":479,"y":486}},"node:296":{"location":{"x":434,"y":614}},"node:3":{"group_size":{"x":496,"y":624},"location":{"x":736,"y":576}},"node:301":{"location":{"x":959,"y":614}},"node:307":{"location":{"x":818,"y":774}},"node:314":{"location":{"x":962,"y":822}},"node:321":{"location":{"x":1122,"y":774}},"node:326":{"location":{"x":1295,"y":914}},"node:332":{"location":{"x":1250,"y":1062}},"node:337":{"location":{"x":1570,"y":818}},"node:343":{"location":{"x":1554,"y":982}},"node:347":{"location":{"x":1775,"y":946}},"node:353":{"location":{"x":1570,"y":1094}},"node:360":{"location":{"x":1714,"y":1094}},"node:369":{"location":{"x":1794,"y":598}},"node:373":{"location":{"x":2146,"y":1046}},"node:379":{"location":{"x":1970,"y":1318}},"node:386":{"location":{"x":2226,"y":1302}},"node:4":{"group_size":{"x":336,"y":416},"location":{"x":1216,"y":816}},"node:5":{"group_size":{"x":384,"y":624},"location":{"x":1520,"y":736}},"node:6":{"group_size":{"x":548,"y":544},"location":{"x":1936,"y":704}}},"selection":null,"view":{"scroll":{"x":-296.4244384765625,"y":-146.835647583007812},"visible_rect":{"max":{"x":3090.30224609375,"y":1612.657470703125},"min":{"x":-1185.69775390625,"y":-587.34259033203125}},"zoom":0.25}}