{"nodes":{"node:246":{"location":{"x":-283,"y":-462}},"node:249":{"location":{"x":-299,"y":-334}},"node:252":{"location":{"x":-440,"y":-190}},"node:256":{"location":{"x":-216,"y":-210}},"node:259":{"location":{"x":-264,"y":-66}},"node:345":{"location":{"x":-88,"y":-66}}},"selection":null,"view":{"scroll":{"x":-448.0550537109375,"y":-433.315399169921875},"visible_rect":{"max":{"x":578.1019287109375,"y":31.2310504913330078},"min":{"x":-524.3934326171875,"y":-507.142486572265625}},"zoom":0.854425370693206787}}