{"nodes":{"node:100":{"group_size":{"x":482,"y":352},"location":{"x":864,"y":656}},"node:10000":{"group_size":{"x":432,"y":360},"location":{"x":1408,"y":624}},"node:355":{"location":{"x":0,"y":0}},"node:358":{"location":{"x":-27,"y":134}},"node:364":{"location":{"x":-238,"y":246}},"node:371":{"location":{"x":-78,"y":294}},"node:378":{"location":{"x":82,"y":310}},"node:385":{"location":{"x":194,"y":246}}},"selection":null,"view":{"scroll":{"x":-237.89373779296875,"y":-97.116943359375},"visible_rect":{"max":{"x":845.622802734375,"y":647.2230224609375},"min":{"x":-409.622894287109375,"y":-167.22308349609375}},"zoom":0.580762803554534912}}