{"nodes":{"node:157":{"location":{"x":0,"y":0}},"node:160":{"location":{"x":-27,"y":134}},"node:163":{"location":{"x":-251,"y":278}},"node:167":{"location":{"x":-123,"y":294}},"node:171":{"location":{"x":66,"y":294}},"node:175":{"location":{"x":226,"y":278}}},"selection":null,"view":{"scroll":{"x":-624.032470703125,"y":-229.479721069335938},"visible_rect":{"max":{"x":768449.3125,"y":282666.46875},"min":{"x":-768529.25,"y":-282616.53125}},"zoom":0.000811982667073607445}}