{"nodes":{"node:169":{"location":{"x":0,"y":0}},"node:172":{"location":{"x":-14,"y":182}}},"selection":null,"view":{"scroll":{"x":-627.2921142578125,"y":-209.013870239257812},"visible_rect":{"max":{"x":47513.5703125,"y":16380.080078125},"min":{"x":-48017.578125,"y":-15999.466796875}},"zoom":0.0130638014525175095}}