{"nodes":{"node:133":{"location":{"x":-267,"y":-78}},"node:163":{"location":{"x":-75,"y":-78}},"node:49":{"location":{"x":-283,"y":-382}},"node:52":{"location":{"x":-283,"y":-234}},"node:55":{"location":{"x":-459,"y":-74}}},"selection":null,"view":{"scroll":{"x":-528.501220703125,"y":-481.8477783203125},"visible_rect":{"max":{"x":247.799407958984375,"y":44.6553840637207031},"min":{"x":-435.816375732421875,"y":-397.34466552734375}},"zoom":1.2126694917678833}}