{"nodes":{"node:133":{"location":{"x":-267,"y":-78}},"node:163":{"location":{"x":-75,"y":-78}},"node:49":{"location":{"x":-283,"y":-382}},"node:52":{"location":{"x":-283,"y":-234}},"node:55":{"location":{"x":-459,"y":-74}}},"selection":["node:163"],"view":{"scroll":{"x":-271.74212646484375,"y":-224.3096923828125},"visible_rect":{"max":{"x":424.3438720703125,"y":356.920440673828125},"min":{"x":-362.3228759765625,"y":-299.079620361328125}},"zoom":0.749999940395355225}}