{"nodes":{"node:1":{"group_size":{"x":452,"y":346},"location":{"x":1104,"y":752}},"node:159":{"location":{"x":0,"y":0}},"node:162":{"location":{"x":-27,"y":134}},"node:168":{"location":{"x":-251,"y":278}},"node:175":{"location":{"x":-123,"y":294}},"node:182":{"location":{"x":66,"y":294}},"node:189":{"location":{"x":226,"y":278}},"node:3":{"group_size":{"x":288,"y":408},"location":{"x":1360,"y":688}}},"selection":null,"view":{"scroll":{"x":489.021881103515625,"y":279.4730224609375},"visible_rect":{"max":{"x":1965.1630859375,"y":1083.4129638671875},"min":{"x":694.86083984375,"y":397.108734130859375}},"zoom":0.703769505023956299}}