{"nodes":{"node:412":{"location":{"x":-283,"y":-382}},"node:415":{"location":{"x":-283,"y":-234}},"node:418":{"location":{"x":-459,"y":-74}},"node:496":{"location":{"x":-267,"y":-78}},"node:526":{"location":{"x":-75,"y":-78}}},"selection":["node:418"],"view":{"scroll":{"x":-519.3753662109375,"y":-295.29449462890625},"visible_rect":{"max":{"x":455.5638427734375,"y":230.62249755859375},"min":{"x":-779.2801513671875,"y":-443.065155029296875}},"zoom":0.666480958461761475}}