{"nodes":{"node:100":{"location":{"x":864,"y":656}},"node:10000":{"location":{"x":1408,"y":624}},"node:159":{"location":{"x":0,"y":0}},"node:162":{"location":{"x":-27,"y":134}},"node:168":{"location":{"x":-238,"y":246}},"node:175":{"location":{"x":-78,"y":294}},"node:182":{"location":{"x":82,"y":310}},"node:189":{"location":{"x":194,"y":246}}},"selection":null,"view":{"scroll":{"x":-104.130256652832031,"y":-69.0466995239257812},"visible_rect":{"max":{"x":607.55548095703125,"y":752.3341064453125},"min":{"x":-190.631729125976562,"y":-126.404106140136719}},"zoom":0.546237766742706299}}