{"nodes":{"node:163":{"location":{"x":0,"y":0}},"node:166":{"location":{"x":-27,"y":134}},"node:169":{"location":{"x":-251,"y":278}},"node:173":{"location":{"x":-123,"y":294}},"node:177":{"location":{"x":66,"y":294}},"node:181":{"location":{"x":226,"y":278}}},"selection":null,"view":{"scroll":{"x":-461.51593017578125,"y":-280.347869873046875},"visible_rect":{"max":{"x":1090.981201171875,"y":703.9224853515625},"min":{"x":-1704.001220703125,"y":-1035.0955810546875}},"zoom":0.270842492580413818}}