{"nodes":{"node:169":{"location":{"x":0,"y":0}},"node:172":{"location":{"x":-14,"y":182}}},"selection":null,"view":{"scroll":{"x":-414.0806884765625,"y":-45.2371330261230469},"visible_rect":{"max":{"x":577.4591064453125,"y":603.55035400390625},"min":{"x":-605.477294921875,"y":-66.14666748046875}},"zoom":0.683891355991363525}}