{"nodes":{"node:246":{"location":{"x":-283,"y":-462}},"node:249":{"location":{"x":-299,"y":-334}},"node:252":{"location":{"x":-440,"y":-190}},"node:256":{"location":{"x":-216,"y":-210}},"node:259":{"location":{"x":-264,"y":-66}},"node:345":{"location":{"x":-88,"y":-66}}},"selection":["node:249"],"view":{"scroll":{"x":-594.1427001953125,"y":-438.75592041015625},"visible_rect":{"max":{"x":445.14312744140625,"y":28.3254432678222656},"min":{"x":-792.19036865234375,"y":-585.0079345703125}},"zoom":0.749999940395355225}}