{"nodes":{"node:133":{"location":{"x":-267,"y":-78}},"node:163":{"location":{"x":-75,"y":-78}},"node:49":{"location":{"x":-283,"y":-382}},"node:52":{"location":{"x":-283,"y":-234}},"node:55":{"location":{"x":-459,"y":-74}}},"selection":["node:55"],"view":{"scroll":{"x":-463.8626708984375,"y":-405.275543212890625},"visible_rect":{"max":{"x":74.1373291015625,"y":99.724456787109375},"min":{"x":-463.8626708984375,"y":-405.275543212890625}},"zoom":1}}