{"nodes":{"node:169":{"location":{"x":0,"y":0}},"node:172":{"location":{"x":-14,"y":182}}},"selection":null,"view":{"scroll":{"x":-778.60772705078125,"y":-182.23492431640625},"visible_rect":{"max":{"x":765.0372314453125,"y":677.63311767578125},"min":{"x":-1269.0108642578125,"y":-297.014892578125}},"zoom":0.613554835319519043}}