{"nodes":{"node:100":{"location":{"x":0,"y":0}},"node:10000":{"location":{"x":0,"y":0}},"node:170":{"location":{"x":0,"y":0}},"node:173":{"location":{"x":-27,"y":134}},"node:179":{"location":{"x":-238,"y":246}},"node:186":{"location":{"x":-78,"y":294}},"node:193":{"location":{"x":82,"y":310}},"node:200":{"location":{"x":194,"y":246}},"node:207":{"location":{"x":242,"y":166}}},"selection":null,"view":{"scroll":{"x":1603.5079345703125,"y":489.29876708984375},"visible_rect":{"max":{"x":1547.0072021484375,"y":641.5333251953125},"min":{"x":1069.0067138671875,"y":326.1995849609375}},"zoom":1.49999809265136719}}