{"nodes":{"node:133":{"location":{"x":-267,"y":-78}},"node:163":{"location":{"x":-75,"y":-78}},"node:178":{"location":{"x":111,"y":-170}},"node:49":{"location":{"x":-283,"y":-382}},"node:52":{"location":{"x":-283,"y":-234}},"node:55":{"location":{"x":-459,"y":-74}}},"selection":["node:178"],"view":{"scroll":{"x":-569.38104248046875,"y":-343.4798583984375},"visible_rect":{"max":{"x":346.158660888671875,"y":131.360198974609375},"min":{"x":-759.1748046875,"y":-457.97320556640625}},"zoom":0.749999880790710449}}