{"nodes":{"node:169":{"location":{"x":0,"y":0}},"node:172":{"location":{"x":-14,"y":182}}},"selection":null,"view":{"scroll":{"x":-627.06890869140625,"y":-296.6822509765625},"visible_rect":{"max":{"x":50983.28125,"y":24740.537109375},"min":{"x":-51487.24609375,"y":-24359.92578125}},"zoom":0.0121791120618581772}}