{"nodes":{"node:157":{"location":{"x":0,"y":0}},"node:160":{"location":{"x":-27,"y":134}},"node:163":{"location":{"x":-251,"y":278}},"node:167":{"location":{"x":-123,"y":294}},"node:171":{"location":{"x":66,"y":294}},"node:175":{"location":{"x":226,"y":278}}},"selection":null,"view":{"scroll":{"x":-567.99676513671875,"y":-48.9401626586914062},"visible_rect":{"max":{"x":472.381866455078125,"y":787.40765380859375},"min":{"x":-1090.6822509765625,"y":-93.9761810302734375}},"zoom":0.520771980285644531}}