{"nodes":{"node:1":{"group_size":{"x":452,"y":346},"location":{"x":878,"y":646}},"node:163":{"location":{"x":0,"y":0}},"node:166":{"location":{"x":-27,"y":134}},"node:169":{"location":{"x":-251,"y":278}},"node:173":{"location":{"x":-123,"y":294}},"node:177":{"location":{"x":66,"y":294}},"node:181":{"location":{"x":226,"y":278}},"node:3":{"group_size":{"x":288,"y":408},"location":{"x":1264,"y":640}}},"selection":null,"view":{"scroll":{"x":-2910.3251953125,"y":11264.89453125},"visible_rect":{"max":{"x":-9695.6474609375,"y":55251.265625},"min":{"x":-13695.6474609375,"y":53011.265625}},"zoom":0.212500005960464478}}