{"nodes":{"node:100":{"location":{"x":864,"y":656}},"node:10000":{"location":{"x":1408,"y":624}},"node:362":{"location":{"x":0,"y":0}},"node:365":{"location":{"x":-27,"y":134}},"node:371":{"location":{"x":-238,"y":246}},"node:378":{"location":{"x":-78,"y":294}},"node:385":{"location":{"x":82,"y":310}},"node:392":{"location":{"x":194,"y":246}},"node:399":{"location":{"x":242,"y":166}}},"selection":null,"view":{"scroll":{"x":-261.858428955078125,"y":35.3554039001464844},"visible_rect":{"max":{"x":577.14166259765625,"y":508.35546875},"min":{"x":-261.85845947265625,"y":35.35540771484375}},"zoom":0.999999880790710449}}