{"nodes":{"node:133":{"location":{"x":-267,"y":-78}},"node:163":{"location":{"x":-75,"y":-78}},"node:49":{"location":{"x":-283,"y":-382}},"node:52":{"location":{"x":-283,"y":-234}},"node:55":{"location":{"x":-459,"y":-74}}},"selection":["node:163"],"view":{"scroll":{"x":-501.30908203125,"y":-311.96759033203125},"visible_rect":{"max":{"x":88.69091796875,"y":193.03240966796875},"min":{"x":-501.30908203125,"y":-311.96759033203125}},"zoom":1}}