{"nodes":{"node:100":{"location":{"x":864,"y":656}},"node:10000":{"location":{"x":1408,"y":624}},"node:159":{"location":{"x":0,"y":0}},"node:162":{"location":{"x":-27,"y":134}},"node:168":{"location":{"x":-238,"y":246}},"node:175":{"location":{"x":-78,"y":294}},"node:182":{"location":{"x":82,"y":310}},"node:189":{"location":{"x":194,"y":246}},"node:196":{"location":{"x":242,"y":166}}},"selection":null,"view":{"scroll":{"x":-313.8734130859375,"y":-197.7247314453125},"visible_rect":{"max":{"x":1351.18212890625,"y":868.7781982421875},"min":{"x":-990.59521484375,"y":-624.0260009765625}},"zoom":0.316853344440460205}}