{"nodes":{"node:1":{"group_size":{"x":288,"y":320},"location":{"x":400,"y":432}},"node:2":{"group_size":{"x":528,"y":536},"location":{"x":208,"y":1008}},"node:3":{"group_size":{"x":496,"y":624},"location":{"x":736,"y":576}},"node:4":{"group_size":{"x":336,"y":416},"location":{"x":1216,"y":816}},"node:5":{"group_size":{"x":384,"y":624},"location":{"x":1520,"y":736}},"node:6":{"group_size":{"x":548,"y":544},"location":{"x":1936,"y":704}},"node:635":{"location":{"x":1312,"y":380}},"node:638":{"location":{"x":1282,"y":530}},"node:641":{"location":{"x":418,"y":1106}},"node:647":{"location":{"x":290,"y":1318}},"node:654":{"location":{"x":498,"y":1302}},"node:659":{"location":{"x":479,"y":486}},"node:665":{"location":{"x":434,"y":614}},"node:670":{"location":{"x":959,"y":614}},"node:676":{"location":{"x":818,"y":774}},"node:683":{"location":{"x":962,"y":822}},"node:690":{"location":{"x":1122,"y":774}},"node:695":{"location":{"x":1295,"y":914}},"node:701":{"location":{"x":1250,"y":1062}},"node:706":{"location":{"x":1570,"y":818}},"node:712":{"location":{"x":1554,"y":982}},"node:716":{"location":{"x":1775,"y":946}},"node:722":{"location":{"x":1570,"y":1094}},"node:729":{"location":{"x":1714,"y":1094}},"node:738":{"location":{"x":1794,"y":598}},"node:742":{"location":{"x":2146,"y":1046}},"node:748":{"location":{"x":1970,"y":1318}},"node:755":{"location":{"x":2226,"y":1302}}},"selection":null,"view":{"scroll":{"x":-82.6181869506835938,"y":234.217971801757812},"visible_rect":{"max":{"x":1362.7637939453125,"y":1414.43603515625},"min":{"x":-165.23638916015625,"y":468.436004638671875}},"zoom":0.499999970197677612}}