{"nodes":{"node:157":{"location":{"x":0,"y":0}},"node:160":{"location":{"x":-27,"y":134}},"node:163":{"location":{"x":-251,"y":278}},"node:167":{"location":{"x":-123,"y":294}},"node:171":{"location":{"x":66,"y":294}},"node:175":{"location":{"x":226,"y":278}}},"selection":null,"view":{"scroll":{"x":-734.292724609375,"y":-303.213592529296875},"visible_rect":{"max":{"x":772.5860595703125,"y":234.29376220703125},"min":{"x":-1104.3338623046875,"y":-456.0157470703125}},"zoom":0.664919137954711914}}