{"nodes":{"node:160":{"location":{"x":0,"y":0}},"node:163":{"location":{"x":-27,"y":134}},"node:166":{"location":{"x":-334,"y":198}},"node:170":{"location":{"x":-251,"y":278}},"node:174":{"location":{"x":-123,"y":294}},"node:178":{"location":{"x":66,"y":294}},"node:182":{"location":{"x":226,"y":278}}},"selection":null,"view":{"scroll":{"x":-395.856353759765625,"y":-204.21575927734375},"visible_rect":{"max":{"x":3876.936767578125,"y":2362.303955078125},"min":{"x":-3670.293701171875,"y":-1893.4439697265625}},"zoom":0.107854127883911133}}