{"nodes":{"node:1":{"group_size":{"x":452,"y":346},"location":{"x":1104,"y":752}},"node:159":{"location":{"x":0,"y":0}},"node:162":{"location":{"x":-27,"y":134}},"node:168":{"location":{"x":-251,"y":278}},"node:175":{"location":{"x":-123,"y":294}},"node:182":{"location":{"x":66,"y":294}},"node:189":{"location":{"x":226,"y":278}},"node:3":{"group_size":{"x":288,"y":408},"location":{"x":1360,"y":688}}},"selection":null,"view":{"scroll":{"x":298.430084228515625,"y":125.913894653320312},"visible_rect":{"max":{"x":2056.28564453125,"y":1225.792236328125},"min":{"x":603.73809814453125,"y":254.729721069335938}},"zoom":0.494303911924362183}}