{"nodes":{"node:100":{"location":{"x":864,"y":656}},"node:10000":{"location":{"x":1408,"y":624}},"node:355":{"location":{"x":0,"y":0}},"node:358":{"location":{"x":-27,"y":134}},"node:364":{"location":{"x":-238,"y":246}},"node:371":{"location":{"x":-78,"y":294}},"node:378":{"location":{"x":82,"y":310}},"node:385":{"location":{"x":194,"y":246}}},"selection":null,"view":{"scroll":{"x":-257.072052001953125,"y":49.1660079956054688},"visible_rect":{"max":{"x":483.19744873046875,"y":476.119964599609375},"min":{"x":-234.4027099609375,"y":44.8304100036621094}},"zoom":1.09671103954315186}}