{"nodes":{"node:163":{"location":{"x":0,"y":0}},"node:166":{"location":{"x":-27,"y":134}},"node:169":{"location":{"x":-251,"y":278}},"node:173":{"location":{"x":-123,"y":294}},"node:177":{"location":{"x":66,"y":294}},"node:181":{"location":{"x":226,"y":278}}},"selection":null,"view":{"scroll":{"x":8.2357177734375,"y":204.719985961914062},"visible_rect":{"max":{"x":1560.5072021484375,"y":1261.560791015625},"min":{"x":15.6304292678833008,"y":388.53460693359375}},"zoom":0.526902854442596436}}