{"nodes":{"node:1":{"location":{"x":878,"y":646}},"node:3":{"location":{"x":1264,"y":640}},"node:539":{"location":{"x":0,"y":0}},"node:542":{"location":{"x":-27,"y":134}},"node:545":{"location":{"x":-251,"y":278}},"node:549":{"location":{"x":-123,"y":294}},"node:553":{"location":{"x":66,"y":294}},"node:557":{"location":{"x":226,"y":278}}},"selection":null,"view":{"scroll":{"x":-440.74127197265625,"y":114.7845458984375},"visible_rect":{"max":{"x":451.25872802734375,"y":585.7845458984375},"min":{"x":-440.74127197265625,"y":114.7845458984375}},"zoom":1}}