{"nodes":{"node:146":{"location":{"x":0,"y":0}},"node:149":{"location":{"x":-27,"y":134}},"node:152":{"location":{"x":-251,"y":278}},"node:156":{"location":{"x":-123,"y":294}},"node:160":{"location":{"x":66,"y":294}},"node:164":{"location":{"x":226,"y":278}}},"selection":null,"view":{"scroll":{"x":-422.579925537109375,"y":-236.392044067382812},"visible_rect":{"max":{"x":4676.23486328125,"y":2599.6875},"min":{"x":-4935.02490234375,"y":-2760.66259765625}},"zoom":0.0856287330389022827}}