{"nodes":{"node:169":{"location":{"x":0,"y":0}},"node:172":{"location":{"x":-14,"y":182}}},"selection":null,"view":{"scroll":{"x":-636.31573486328125,"y":-202.198959350585938},"visible_rect":{"max":{"x":12515.626953125,"y":4517.7939453125},"min":{"x":-13019.609375,"y":-4137.177734375}},"zoom":0.0488736443221569061}}