{"nodes":{"node:1":{"group_size":{"x":452,"y":346},"location":{"x":878,"y":646}},"node:163":{"location":{"x":0,"y":0}},"node:166":{"location":{"x":-27,"y":134}},"node:169":{"location":{"x":-251,"y":278}},"node:173":{"location":{"x":-123,"y":294}},"node:177":{"location":{"x":66,"y":294}},"node:181":{"location":{"x":226,"y":278}},"node:3":{"group_size":{"x":288,"y":408},"location":{"x":1264,"y":640}}},"selection":null,"view":{"scroll":{"x":-623.838134765625,"y":-208.525711059570312},"visible_rect":{"max":{"x":269916.9375,"y":90586.53125},"min":{"x":-269776.9375,"y":-90176.3203125}},"zoom":0.00231242203153669834}}