{"nodes":{"node:246":{"location":{"x":-283,"y":-462}},"node:249":{"location":{"x":-299,"y":-334}},"node:252":{"location":{"x":-440,"y":-190}},"node:256":{"location":{"x":-216,"y":-210}},"node:259":{"location":{"x":-264,"y":-66}},"node:345":{"location":{"x":-88,"y":-66}}},"selection":null,"view":{"scroll":{"x":-449.328887939453125,"y":-171.296783447265625},"visible_rect":{"max":{"x":296.4942626953125,"y":169.613128662109375},"min":{"x":-263.980712890625,"y":-100.636856079101562}},"zoom":1.70212769508361816}}