{"nodes":{"node:1":{"group_size":{"x":506,"y":386},"location":{"x":768,"y":752}},"node:200":{"location":{"x":1247,"y":402}},"node:203":{"location":{"x":1231,"y":530}},"node:206":{"location":{"x":991,"y":818}},"node:212":{"location":{"x":850,"y":982}},"node:219":{"location":{"x":1106,"y":950}},"node:224":{"location":{"x":1599,"y":786}},"node:227":{"location":{"x":1487,"y":962}},"node:3":{"group_size":{"x":464,"y":448},"location":{"x":1424,"y":720}},"node:349":{"location":{"x":1727,"y":962}}},"selection":null,"view":{"scroll":{"x":723.16253662109375,"y":226.521682739257812},"visible_rect":{"max":{"x":2297.550048828125,"y":942.02880859375},"min":{"x":964.2166748046875,"y":302.028900146484375}},"zoom":0.750000059604644775}}