{"nodes":{"node:163":{"location":{"x":0,"y":0}},"node:166":{"location":{"x":-27,"y":134}},"node:169":{"location":{"x":-251,"y":278}},"node:173":{"location":{"x":-123,"y":294}},"node:177":{"location":{"x":66,"y":294}},"node:181":{"location":{"x":226,"y":278}}},"selection":null,"view":{"scroll":{"x":-372.7972412109375,"y":-217.901718139648438},"visible_rect":{"max":{"x":1095.2366943359375,"y":690.1431884765625},"min":{"x":-1062.7232666015625,"y":-621.16668701171875}},"zoom":0.350794285535812378}}