{"nodes":{"node:133":{"location":{"x":-267,"y":-78}},"node:163":{"location":{"x":-75,"y":-78}},"node:49":{"location":{"x":-283,"y":-382}},"node:52":{"location":{"x":-283,"y":-234}},"node:55":{"location":{"x":-459,"y":-74}}},"selection":null,"view":{"scroll":{"x":-452.87127685546875,"y":-275.893310546875},"visible_rect":{"max":{"x":137.12872314453125,"y":262.106689453125},"min":{"x":-452.87127685546875,"y":-275.893310546875}},"zoom":1}}