{"nodes":{"node:133":{"location":{"x":-267,"y":-78}},"node:163":{"location":{"x":-75,"y":-78}},"node:178":{"location":{"x":0,"y":0}},"node:181":{"location":{"x":0,"y":0}},"node:49":{"location":{"x":-283,"y":-382}},"node:52":{"location":{"x":-283,"y":-234}},"node:55":{"location":{"x":-459,"y":-74}}},"selection":["node:55"],"view":{"scroll":{"x":-589.499267578125,"y":-367.354278564453125},"visible_rect":{"max":{"x":316.667694091796875,"y":174.194320678710938},"min":{"x":-785.9991455078125,"y":-489.805755615234375}},"zoom":0.749999940395355225}}