{"nodes":{"node:133":{"location":{"x":-267,"y":-78}},"node:163":{"location":{"x":-75,"y":-78}},"node:49":{"location":{"x":-283,"y":-382}},"node:52":{"location":{"x":-283,"y":-234}},"node:55":{"location":{"x":-459,"y":-74}}},"selection":["node:55"],"view":{"scroll":{"x":-588.46380615234375,"y":-348.951416015625},"visible_rect":{"max":{"x":-33.6425399780273438,"y":104.032402038574219},"min":{"x":-392.30926513671875,"y":-232.634307861328125}},"zoom":1.49999988079071045}}