{"nodes":{"node:100":{"group_size":{"x":208,"y":264},"location":{"x":896,"y":864}},"node:10000":{"location":{"x":0,"y":0}},"node:391":{"location":{"x":0,"y":0}},"node:394":{"location":{"x":-27,"y":134}},"node:400":{"location":{"x":-238,"y":246}},"node:407":{"location":{"x":-78,"y":294}},"node:414":{"location":{"x":82,"y":310}},"node:421":{"location":{"x":194,"y":246}},"node:428":{"location":{"x":242,"y":166}}},"selection":null,"view":{"scroll":{"x":314.237945556640625,"y":363.95318603515625},"visible_rect":{"max":{"x":1633.8873291015625,"y":1045.3673095703125},"min":{"x":361.00103759765625,"y":418.1146240234375}},"zoom":0.870462715625762939}}