{"nodes":{"node:100":{"location":{"x":896,"y":864}},"node:10000":{"location":{"x":0,"y":0}},"node:391":{"location":{"x":0,"y":0}},"node:394":{"location":{"x":-27,"y":134}},"node:400":{"location":{"x":-238,"y":246}},"node:407":{"location":{"x":-78,"y":294}},"node:414":{"location":{"x":82,"y":310}},"node:421":{"location":{"x":194,"y":246}},"node:428":{"location":{"x":242,"y":166}}},"selection":null,"view":{"scroll":{"x":-63.9909477233886719,"y":70.1731109619140625},"visible_rect":{"max":{"x":2130.541015625,"y":1314.71875},"min":{"x":-135.65582275390625,"y":148.76153564453125}},"zoom":0.471715450286865234}}