{"nodes":{"node:157":{"location":{"x":0,"y":0}},"node:160":{"location":{"x":-27,"y":134}},"node:163":{"location":{"x":-251,"y":278}},"node:167":{"location":{"x":-123,"y":294}},"node:171":{"location":{"x":66,"y":294}},"node:175":{"location":{"x":226,"y":278}}},"selection":null,"view":{"scroll":{"x":-624.0203857421875,"y":-229.48724365234375},"visible_rect":{"max":{"x":1221711.125,"y":449370.90625},"min":{"x":-1221790.875,"y":-449320.9375}},"zoom":0.00051074236398562789}}