{"nodes":{"node:160":{"location":{"x":0,"y":0}},"node:163":{"location":{"x":-27,"y":134}},"node:166":{"location":{"x":-334,"y":198}},"node:170":{"location":{"x":-251,"y":278}},"node:174":{"location":{"x":-123,"y":294}},"node:178":{"location":{"x":66,"y":294}},"node:182":{"location":{"x":226,"y":278}}},"selection":null,"view":{"scroll":{"x":-389.914886474609375,"y":-190.735015869140625},"visible_rect":{"max":{"x":2564.6376953125,"y":1622.3216552734375},"min":{"x":-2357.99462890625,"y":-1153.4622802734375}},"zoom":0.165358692407608032}}