{"nodes":{"node:160":{"location":{"x":0,"y":0}},"node:163":{"location":{"x":-27,"y":134}},"node:166":{"location":{"x":-334,"y":198}},"node:170":{"location":{"x":-251,"y":278}},"node:174":{"location":{"x":-123,"y":294}},"node:178":{"location":{"x":66,"y":294}},"node:182":{"location":{"x":226,"y":278}}},"selection":null,"view":{"scroll":{"x":-619.93963623046875,"y":-220.287322998046875},"visible_rect":{"max":{"x":15982.0341796875,"y":6074.43896484375},"min":{"x":-15775.388671875,"y":-5605.5751953125}},"zoom":0.0392978973686695099}}