{"nodes":{"node:146":{"location":{"x":0,"y":0}},"node:149":{"location":{"x":-27,"y":134}},"node:152":{"location":{"x":-251,"y":278}},"node:156":{"location":{"x":-123,"y":294}},"node:160":{"location":{"x":66,"y":294}},"node:164":{"location":{"x":226,"y":278}}},"selection":null,"view":{"scroll":{"x":-692.69000244140625,"y":-341.726654052734375},"visible_rect":{"max":{"x":1046.073974609375,"y":482.75897216796875},"min":{"x":-1304.86572265625,"y":-643.73297119140625}},"zoom":0.530851542949676514}}