{"nodes":{"node:163":{"location":{"x":0,"y":0}},"node:166":{"location":{"x":-27,"y":134}},"node:169":{"location":{"x":-251,"y":278}},"node:173":{"location":{"x":-123,"y":294}},"node:177":{"location":{"x":66,"y":294}},"node:181":{"location":{"x":226,"y":278}}},"selection":null,"view":{"scroll":{"x":-398.9779052734375,"y":-212.981613159179688},"visible_rect":{"max":{"x":841.0533447265625,"y":500.58935546875},"min":{"x":-808.53936767578125,"y":-431.6129150390625}},"zoom":0.49345514178276062}}