{"nodes":{"node:1":{"group_size":{"x":452,"y":346},"location":{"x":878,"y":646}},"node:163":{"location":{"x":0,"y":0}},"node:166":{"location":{"x":-27,"y":134}},"node:169":{"location":{"x":-251,"y":278}},"node:173":{"location":{"x":-123,"y":294}},"node:177":{"location":{"x":66,"y":294}},"node:181":{"location":{"x":226,"y":278}},"node:3":{"group_size":{"x":288,"y":408},"location":{"x":1264,"y":640}}},"selection":null,"view":{"scroll":{"x":-356.027435302734375,"y":-60.6793746948242188},"visible_rect":{"max":{"x":570.01519775390625,"y":483.47906494140625},"min":{"x":-429.98486328125,"y":-73.2842788696289062}},"zoom":0.827999889850616455}}