{"nodes":{"node:146":{"location":{"x":0,"y":0}},"node:149":{"location":{"x":-27,"y":134}},"node:152":{"location":{"x":-251,"y":278}},"node:156":{"location":{"x":-123,"y":294}},"node:160":{"location":{"x":66,"y":294}},"node:164":{"location":{"x":226,"y":278}}},"selection":null,"view":{"scroll":{"x":-625.01531982421875,"y":-228.860076904296875},"visible_rect":{"max":{"x":24488.646484375,"y":9046.474609375},"min":{"x":-24568.46875,"y":-8996.166015625}},"zoom":0.0254397355020046234}}