{"nodes":{"node:160":{"location":{"x":0,"y":0}},"node:163":{"location":{"x":-27,"y":134}},"node:166":{"location":{"x":-334,"y":198}},"node:170":{"location":{"x":-251,"y":278}},"node:174":{"location":{"x":-123,"y":294}},"node:178":{"location":{"x":66,"y":294}},"node:182":{"location":{"x":226,"y":278}}},"selection":null,"view":{"scroll":{"x":-542.923583984375,"y":-45.5430984497070312},"visible_rect":{"max":{"x":898.5308837890625,"y":526.89862060546875},"min":{"x":-691.8875732421875,"y":-58.0389289855957031}},"zoom":0.784699141979217529}}