{"nodes":{"node:1":{"group_size":{"x":452,"y":346},"location":{"x":878,"y":646}},"node:246":{"location":{"x":1247,"y":402}},"node:249":{"location":{"x":1231,"y":530}},"node:252":{"location":{"x":930,"y":774}},"node:256":{"location":{"x":1378,"y":690}},"node:259":{"location":{"x":1314,"y":882}},"node:3":{"group_size":{"x":288,"y":408},"location":{"x":1264,"y":640}},"node:345":{"location":{"x":1538,"y":870}}},"selection":null,"view":{"scroll":{"x":417.63067626953125,"y":136.435501098632812},"visible_rect":{"max":{"x":2717.261474609375,"y":1214.87109375},"min":{"x":835.261474609375,"y":272.87103271484375}},"zoom":0.499999970197677612}}