{"nodes":{"node:133":{"location":{"x":-270,"y":-78}},"node:163":{"location":{"x":-75,"y":-78}},"node:49":{"location":{"x":-283,"y":-382}},"node:52":{"location":{"x":-283,"y":-234}},"node:55":{"location":{"x":-459,"y":-74}}},"selection":["node:133"],"view":{"scroll":{"x":-643.35894775390625,"y":-412.5699462890625},"visible_rect":{"max":{"x":183.64105224609375,"y":81.4300537109375},"min":{"x":-643.35894775390625,"y":-412.5699462890625}},"zoom":1}}