{"nodes":{"node:163":{"location":{"x":0,"y":0}},"node:166":{"location":{"x":-27,"y":134}},"node:169":{"location":{"x":-251,"y":278}},"node:173":{"location":{"x":-123,"y":294}},"node:177":{"location":{"x":66,"y":294}},"node:181":{"location":{"x":226,"y":278}}},"selection":null,"view":{"scroll":{"x":116.386970520019531,"y":81.5531005859375},"visible_rect":{"max":{"x":1300.970458984375,"y":757.25970458984375},"min":{"x":162.745193481445312,"y":114.036605834960938}},"zoom":0.715148448944091797}}