{"nodes":{"node:1":{"group_size":{"x":452,"y":346},"location":{"x":1104,"y":752}},"node:171":{"location":{"x":0,"y":0}},"node:174":{"location":{"x":-27,"y":134}},"node:177":{"location":{"x":-251,"y":278}},"node:181":{"location":{"x":-123,"y":294}},"node:185":{"location":{"x":66,"y":294}},"node:189":{"location":{"x":226,"y":278}},"node:3":{"group_size":{"x":288,"y":408},"location":{"x":1360,"y":688}}},"selection":null,"view":{"scroll":{"x":-443.382049560546875,"y":10.4490365982055664},"visible_rect":{"max":{"x":473.418060302734375,"y":619.2982177734375},"min":{"x":-526.58209228515625,"y":12.4097843170166016}},"zoom":0.84199988842010498}}