{"nodes":{"node:146":{"location":{"x":0,"y":0}},"node:149":{"location":{"x":-27,"y":134}},"node:152":{"location":{"x":-251,"y":278}},"node:156":{"location":{"x":-123,"y":294}},"node:160":{"location":{"x":66,"y":294}},"node:164":{"location":{"x":226,"y":278}}},"selection":null,"view":{"scroll":{"x":-350.0130615234375,"y":-228.231201171875},"visible_rect":{"max":{"x":6859.3798828125,"y":4575.11767578125},"min":{"x":-6939.2001953125,"y":-4524.80810546875}},"zoom":0.0504399724304676056}}