{"nodes":{"node:339":{"location":{"x":0,"y":0}},"node:342":{"location":{"x":-27,"y":134}},"node:345":{"location":{"x":-251,"y":278}},"node:349":{"location":{"x":-123,"y":294}},"node:353":{"location":{"x":66,"y":294}},"node:357":{"location":{"x":226,"y":278}}},"selection":null,"view":{"scroll":{"x":-326.01068115234375,"y":-229.493377685546875},"visible_rect":{"max":{"x":1221711,"y":860122.5},"min":{"x":-1221791,"y":-860072.875}},"zoom":0.000266830145847052336}}