{"nodes":{"node:100":{"location":{"x":0,"y":0}},"node:10000":{"location":{"x":0,"y":0}},"node:170":{"location":{"x":0,"y":0}},"node:173":{"location":{"x":-27,"y":134}},"node:179":{"location":{"x":-238,"y":246}},"node:186":{"location":{"x":-78,"y":294}},"node:193":{"location":{"x":82,"y":310}},"node:200":{"location":{"x":194,"y":246}},"node:207":{"location":{"x":242,"y":166}}},"selection":null,"view":{"scroll":{"x":1565.195556640625,"y":475.12579345703125},"visible_rect":{"max":{"x":1551.767333984375,"y":644.67333984375},"min":{"x":1064.246826171875,"y":323.05938720703125}},"zoom":1.47070729732513428}}