{"nodes":{"node:149":{"location":{"x":0,"y":0}},"node:152":{"location":{"x":-27,"y":134}},"node:155":{"location":{"x":-251,"y":278}},"node:159":{"location":{"x":-123,"y":294}},"node:163":{"location":{"x":66,"y":294}},"node:167":{"location":{"x":226,"y":278}}},"selection":null,"view":{"scroll":{"x":-459.487701416015625,"y":-229.192672729492188},"visible_rect":{"max":{"x":37518.77734375,"y":18804.490234375},"min":{"x":-37598.59375,"y":-18754.1953125}},"zoom":0.0122208744287490845}}