{"nodes":{"node:133":{"location":{"x":-267,"y":-78}},"node:163":{"location":{"x":-75,"y":-78}},"node:49":{"location":{"x":-283,"y":-382}},"node:52":{"location":{"x":-283,"y":-234}},"node:55":{"location":{"x":-459,"y":-74}}},"selection":null,"view":{"scroll":{"x":-473.48175048828125,"y":-320.9757080078125},"visible_rect":{"max":{"x":155.357681274414062,"y":245.365753173828125},"min":{"x":-631.30908203125,"y":-427.9676513671875}},"zoom":0.749999940395355225}}