{"nodes":{"node:169":{"location":{"x":0,"y":0}},"node:172":{"location":{"x":-14,"y":182}}},"selection":null,"view":{"scroll":{"x":-624.29388427734375,"y":-229.278121948242188},"visible_rect":{"max":{"x":534966.625,"y":197037.5625},"min":{"x":-535470.75,"y":-196656.9375}},"zoom":0.00116587860975414515}}