{"nodes":{"node:100":{"location":{"x":819,"y":720}},"node:10000":{"location":{"x":1429,"y":717}},"node:551":{"location":{"x":0,"y":0}},"node:554":{"location":{"x":-27,"y":134}},"node:560":{"location":{"x":-251,"y":278}},"node:567":{"location":{"x":-123,"y":294}},"node:574":{"location":{"x":66,"y":294}},"node:581":{"location":{"x":226,"y":278}}},"selection":null,"view":{"scroll":{"x":71.7494583129882812,"y":78.5018768310546875},"visible_rect":{"max":{"x":2177.1591796875,"y":1379.0169677734375},"min":{"x":177.159149169921875,"y":193.831787109375}},"zoom":0.405000001192092896}}