{"nodes":{"node:154":{"location":{"x":-78,"y":-78}},"node:55":{"location":{"x":-283,"y":-462}},"node:58":{"location":{"x":-289,"y":-346}},"node:61":{"location":{"x":-430,"y":-202}},"node:65":{"location":{"x":-206,"y":-222}},"node:68":{"location":{"x":-254,"y":-78}}},"selection":null,"view":{"scroll":{"x":-432.34716796875,"y":-169.026611328125},"visible_rect":{"max":{"x":1882.6700439453125,"y":1124.1038818359375},"min":{"x":-1676.026611328125,"y":-655.2445068359375}},"zoom":0.257959604263305664}}