{"nodes":{"node:103":{"location":{"x":274,"y":358}},"node:107":{"location":{"x":447,"y":342}},"node:110":{"location":{"x":386,"y":486}},"node:114":{"location":{"x":498,"y":486}},"node:119":{"location":{"x":754,"y":342}},"node:122":{"location":{"x":690,"y":486}},"node:126":{"location":{"x":834,"y":486}},"node:61":{"location":{"x":34,"y":-10}},"node:64":{"location":{"x":4,"y":140}},"node:67":{"location":{"x":-401,"y":354}},"node:70":{"location":{"x":-574,"y":482}},"node:74":{"location":{"x":-379,"y":486}},"node:79":{"location":{"x":-110,"y":358}},"node:82":{"location":{"x":-174,"y":486}},"node:86":{"location":{"x":-30,"y":486}},"node:91":{"location":{"x":143,"y":354}},"node:94":{"location":{"x":114,"y":482}},"node:98":{"location":{"x":226,"y":486}}},"selection":["node:74"],"view":{"scroll":{"x":-610.7127685546875,"y":108.692665100097656},"visible_rect":{"max":{"x":-100.26922607421875,"y":678.94384765625},"min":{"x":-690.26922607421875,"y":122.85186767578125}},"zoom":0.88474571704864502}}