{"nodes":{"node:100":{"location":{"x":864,"y":656}},"node:10000":{"location":{"x":1408,"y":624}},"node:370":{"location":{"x":0,"y":0}},"node:373":{"location":{"x":-27,"y":134}},"node:379":{"location":{"x":-238,"y":246}},"node:386":{"location":{"x":-78,"y":294}},"node:393":{"location":{"x":82,"y":310}},"node:400":{"location":{"x":194,"y":246}},"node:407":{"location":{"x":242,"y":166}}},"selection":null,"view":{"scroll":{"x":-313.599456787109375,"y":-67.4513015747070312},"visible_rect":{"max":{"x":490.703643798828125,"y":420.37176513671875},"min":{"x":-325.06170654296875,"y":-69.91668701171875}},"zoom":0.964738190174102783}}