{"nodes":{"node:100":{"location":{"x":819,"y":720}},"node:10000":{"location":{"x":1429,"y":717}},"node:355":{"location":{"x":0,"y":0}},"node:358":{"location":{"x":-27,"y":134}},"node:364":{"location":{"x":-251,"y":278}},"node:371":{"location":{"x":-123,"y":294}},"node:378":{"location":{"x":66,"y":294}},"node:385":{"location":{"x":226,"y":278}}},"selection":null,"view":{"scroll":{"x":-148.22259521484375,"y":-69.1387252807617188},"visible_rect":{"max":{"x":517.03656005859375,"y":547.8150634765625},"min":{"x":-197.630126953125,"y":-92.184967041015625}},"zoom":0.75}}