{"nodes":{"node:100":{"location":{"x":864,"y":656}},"node:10000":{"location":{"x":1408,"y":624}},"node:362":{"location":{"x":0,"y":0}},"node:365":{"location":{"x":-27,"y":134}},"node:371":{"location":{"x":-238,"y":246}},"node:378":{"location":{"x":-78,"y":294}},"node:385":{"location":{"x":82,"y":310}},"node:392":{"location":{"x":194,"y":246}},"node:399":{"location":{"x":242,"y":166}}},"selection":null,"view":{"scroll":{"x":-322.917449951171875,"y":-204.20294189453125},"visible_rect":{"max":{"x":1584.1468505859375,"y":1018.49267578125},"min":{"x":-1223.5589599609375,"y":-773.7406005859375}},"zoom":0.263916522264480591}}