{"nodes":{"node:539":{"location":{"x":0,"y":0}},"node:542":{"location":{"x":-27,"y":134}},"node:545":{"location":{"x":-251,"y":278}},"node:549":{"location":{"x":-123,"y":294}},"node:553":{"location":{"x":66,"y":294}},"node:557":{"location":{"x":226,"y":278}}},"selection":null,"view":{"scroll":{"x":-212.3515625,"y":-33.5464630126953125},"visible_rect":{"max":{"x":2467.95263671875,"y":1790.98095703125},"min":{"x":-891.81488037109375,"y":-140.885391235351562}},"zoom":0.238111704587936401}}