{"nodes":{"node:133":{"location":{"x":-267,"y":-78}},"node:163":{"location":{"x":-75,"y":-78}},"node:49":{"location":{"x":-283,"y":-382}},"node:52":{"location":{"x":-283,"y":-234}},"node:55":{"location":{"x":-459,"y":-74}}},"selection":null,"view":{"scroll":{"x":-741.3958740234375,"y":-337.620361328125},"visible_rect":{"max":{"x":68.4832992553710938,"y":125.103713989257812},"min":{"x":-593.11669921875,"y":-270.096282958984375}},"zoom":1.25}}