{"nodes":{"node:100":{"location":{"x":864,"y":656}},"node:10000":{"location":{"x":1408,"y":624}},"node:159":{"location":{"x":0,"y":0}},"node:162":{"location":{"x":-27,"y":134}},"node:168":{"location":{"x":-238,"y":246}},"node:175":{"location":{"x":-78,"y":294}},"node:182":{"location":{"x":82,"y":310}},"node:189":{"location":{"x":194,"y":246}},"node:196":{"location":{"x":242,"y":166}}},"selection":null,"view":{"scroll":{"x":-324.940521240234375,"y":-203.200454711914062},"visible_rect":{"max":{"x":1554.746826171875,"y":991.51544189453125},"min":{"x":-1194.158935546875,"y":-746.76318359375}},"zoom":0.272108286619186401}}