{"nodes":{"node:598":{"location":{"x":0,"y":0}},"node:601":{"location":{"x":-27,"y":134}},"node:604":{"location":{"x":-334,"y":198}},"node:608":{"location":{"x":-251,"y":278}},"node:612":{"location":{"x":-123,"y":294}},"node:616":{"location":{"x":66,"y":294}},"node:620":{"location":{"x":226,"y":278}}},"selection":null,"view":{"scroll":{"x":-549.318359375,"y":-507.532958984375},"visible_rect":{"max":{"x":287.65716552734375,"y":-86.6740646362304688},"min":{"x":-630.3427734375,"y":-582.39404296875}},"zoom":0.871459722518920898}}