{"nodes":{"node:100":{"location":{"x":864,"y":656}},"node:10000":{"location":{"x":1408,"y":624}},"node:355":{"location":{"x":0,"y":0}},"node:358":{"location":{"x":-27,"y":134}},"node:364":{"location":{"x":-238,"y":246}},"node:371":{"location":{"x":-78,"y":294}},"node:378":{"location":{"x":82,"y":310}},"node:385":{"location":{"x":194,"y":246}}},"selection":null,"view":{"scroll":{"x":-416.8204345703125,"y":-126.286376953125},"visible_rect":{"max":{"x":1121.7564697265625,"y":1050.6474609375},"min":{"x":-1263.0924072265625,"y":-382.68603515625}},"zoom":0.329999953508377075}}