{"nodes":{"node:100":{"location":{"x":720,"y":768}},"node:10000":{"location":{"x":1408,"y":624}},"node:355":{"location":{"x":0,"y":0}},"node:358":{"location":{"x":-27,"y":134}},"node:364":{"location":{"x":-238,"y":246}},"node:371":{"location":{"x":-78,"y":294}},"node:378":{"location":{"x":82,"y":310}},"node:385":{"location":{"x":194,"y":246}}},"selection":null,"view":{"scroll":{"x":-108.4990234375,"y":-78.7290267944335938},"visible_rect":{"max":{"x":3157.5048828125,"y":2006.3548583984375},"min":{"x":-542.4951171875,"y":-393.6451416015625}},"zoom":0.200000002980232239}}