{"nodes":{"node:169":{"location":{"x":0,"y":0}},"node:172":{"location":{"x":-14,"y":182}}},"selection":null,"view":{"scroll":{"x":-636.50933837890625,"y":-59.0650787353515625},"visible_rect":{"max":{"x":208.849884033203125,"y":446.76507568359375},"min":{"x":-712.8233642578125,"y":-66.14666748046875}},"zoom":0.892941117286682129}}