{"nodes":{"node:100":{"location":{"x":1072,"y":928}},"node:10000":{"location":{"x":0,"y":0}},"node:177":{"location":{"x":0,"y":0}},"node:180":{"location":{"x":-27,"y":134}},"node:186":{"location":{"x":-238,"y":246}},"node:193":{"location":{"x":-78,"y":294}},"node:200":{"location":{"x":82,"y":310}},"node:207":{"location":{"x":194,"y":246}},"node:214":{"location":{"x":242,"y":166}}},"selection":null,"view":{"scroll":{"x":479.543975830078125,"y":301.843231201171875},"visible_rect":{"max":{"x":1569.09375,"y":863.14752197265625},"min":{"x":485.90771484375,"y":305.84881591796875}},"zoom":0.98690342903137207}}