{"nodes":{"node:100":{"group_size":{"x":562,"y":541},"location":{"x":819,"y":720}},"node:10000":{"group_size":{"x":548,"y":523},"location":{"x":1429,"y":717}},"node:355":{"location":{"x":0,"y":0}},"node:358":{"location":{"x":-27,"y":134}},"node:364":{"location":{"x":-251,"y":278}},"node:371":{"location":{"x":-123,"y":294}},"node:378":{"location":{"x":66,"y":294}},"node:385":{"location":{"x":226,"y":278}},"node:396":{"location":{"x":584,"y":291}},"node:402":{"location":{"x":322,"y":182}}},"selection":null,"view":{"scroll":{"x":-268.8260498046875,"y":35.6335296630859375},"visible_rect":{"max":{"x":731.1739501953125,"y":515.633544921875},"min":{"x":-268.8260498046875,"y":35.6335296630859375}},"zoom":1}}