{"nodes":{"node:538":{"location":{"x":0,"y":0}},"node:541":{"location":{"x":-27,"y":134}},"node:544":{"location":{"x":-334,"y":198}},"node:548":{"location":{"x":-251,"y":278}},"node:552":{"location":{"x":-123,"y":294}},"node:556":{"location":{"x":66,"y":294}},"node:560":{"location":{"x":226,"y":278}}},"selection":null,"view":{"scroll":{"x":293.760955810546875,"y":155.8387451171875},"visible_rect":{"max":{"x":1407.609375,"y":762.51568603515625},"min":{"x":345.228057861328125,"y":183.14178466796875}},"zoom":0.85091853141784668}}