{"nodes":{"node:169":{"location":{"x":0,"y":0}},"node:172":{"location":{"x":-14,"y":182}}},"selection":null,"view":{"scroll":{"x":-778.60784912109375,"y":-182.234909057617188},"visible_rect":{"max":{"x":765.03692626953125,"y":677.633056640625},"min":{"x":-1269.0108642578125,"y":-297.01483154296875}},"zoom":0.613554894924163818}}