{"nodes":{"node:160":{"location":{"x":0,"y":0}},"node:163":{"location":{"x":-27,"y":134}},"node:166":{"location":{"x":-334,"y":198}},"node:170":{"location":{"x":-251,"y":278}},"node:174":{"location":{"x":-123,"y":294}},"node:178":{"location":{"x":66,"y":294}},"node:182":{"location":{"x":226,"y":278}}},"selection":null,"view":{"scroll":{"x":-622.2725830078125,"y":-225.580718994140625},"visible_rect":{"max":{"x":37427.96484375,"y":13962.00390625},"min":{"x":-37221.3125,"y":-13493.1396484375}},"zoom":0.0167181789875030518}}