{"nodes":{"node:100":{"location":{"x":864,"y":656}},"node:10000":{"group_size":{"x":183,"y":56},"location":{"x":1408,"y":624}},"node:384":{"location":{"x":0,"y":0}},"node:387":{"location":{"x":-27,"y":134}},"node:393":{"location":{"x":-238,"y":246}},"node:400":{"location":{"x":-78,"y":294}},"node:407":{"location":{"x":82,"y":310}},"node:414":{"location":{"x":194,"y":246}},"node:421":{"location":{"x":242,"y":166}}},"selection":null,"view":{"scroll":{"x":113.808486938476562,"y":296.543853759765625},"visible_rect":{"max":{"x":2406.057373046875,"y":1943.2725830078125},"min":{"x":287.3922119140625,"y":748.8404541015625}},"zoom":0.396004080772399902}}