{"nodes":{"node:169":{"location":{"x":0,"y":0}},"node:172":{"location":{"x":-14,"y":182}}},"selection":null,"view":{"scroll":{"x":-406.855560302734375,"y":-227.720993041992188},"visible_rect":{"max":{"x":43018.46875,"y":24740.53515625},"min":{"x":-43522.4296875,"y":-24359.923828125}},"zoom":0.00934818107634782791}}