{"nodes":{"node:100":{"location":{"x":1072,"y":928}},"node:10000":{"location":{"x":0,"y":0}},"node:399":{"location":{"x":0,"y":0}},"node:402":{"location":{"x":-27,"y":134}},"node:408":{"location":{"x":-238,"y":246}},"node:415":{"location":{"x":-78,"y":294}},"node:422":{"location":{"x":82,"y":310}},"node:429":{"location":{"x":194,"y":246}},"node:436":{"location":{"x":242,"y":166}}},"selection":null,"view":{"scroll":{"x":493.000244140625,"y":309.4981689453125},"visible_rect":{"max":{"x":1562.000244140625,"y":859.4981689453125},"min":{"x":493.000244140625,"y":309.4981689453125}},"zoom":1}}