{"nodes":{"node:1":{"group_size":{"x":506,"y":386},"location":{"x":304,"y":736}},"node:159":{"location":{"x":0,"y":0}},"node:162":{"location":{"x":-27,"y":134}},"node:168":{"location":{"x":-251,"y":278}},"node:175":{"location":{"x":-123,"y":294}},"node:182":{"location":{"x":66,"y":294}},"node:189":{"location":{"x":226,"y":278}},"node:3":{"group_size":{"x":304,"y":448},"location":{"x":1424,"y":720}}},"selection":null,"view":{"scroll":{"x":574.9141845703125,"y":130.884689331054688},"visible_rect":{"max":{"x":2297.550048828125,"y":1024.5445556640625},"min":{"x":964.2166748046875,"y":219.513107299804688}},"zoom":0.596249997615814209}}