{"nodes":{"node:133":{"location":{"x":-267,"y":-78}},"node:163":{"location":{"x":-75,"y":-78}},"node:49":{"location":{"x":-283,"y":-382}},"node:52":{"location":{"x":-283,"y":-234}},"node:55":{"location":{"x":-459,"y":-74}}},"selection":["node:55"],"view":{"scroll":{"x":-317.747802734375,"y":-306.94970703125},"visible_rect":{"max":{"x":176.50439453125,"y":242.1005859375},"min":{"x":-635.49560546875,"y":-613.8994140625}},"zoom":0.5}}