{"nodes":{"node:133":{"location":{"x":-267,"y":-78}},"node:163":{"location":{"x":-75,"y":-78}},"node:49":{"location":{"x":-283,"y":-382}},"node:52":{"location":{"x":-283,"y":-234}},"node:55":{"location":{"x":-446,"y":-74}}},"selection":["node:55"],"view":{"scroll":{"x":-461.329376220703125,"y":-213.2911376953125},"visible_rect":{"max":{"x":360.40948486328125,"y":357.66552734375},"min":{"x":-645.27142333984375,"y":-298.334930419921875}},"zoom":0.714938521385192871}}