{"nodes":{"node:133":{"location":{"x":-267,"y":-78}},"node:163":{"location":{"x":-75,"y":-78}},"node:49":{"location":{"x":-283,"y":-382}},"node:52":{"location":{"x":-283,"y":-234}},"node:55":{"location":{"x":-459,"y":-74}}},"selection":["node:55"],"view":{"scroll":{"x":-703.4637451171875,"y":-351.951416015625},"visible_rect":{"max":{"x":-110.309173583984375,"y":102.032402038574219},"min":{"x":-468.97589111328125,"y":-234.634307861328125}},"zoom":1.4999997615814209}}