{"nodes":{"node:133":{"location":{"x":-267,"y":-78}},"node:163":{"location":{"x":-75,"y":-78}},"node:49":{"location":{"x":-283,"y":-382}},"node:52":{"location":{"x":-283,"y":-234}},"node:55":{"location":{"x":-459,"y":-74}}},"selection":["node:55"],"view":{"scroll":{"x":-379.829376220703125,"y":-236.82366943359375},"visible_rect":{"max":{"x":86.9593582153320312,"y":324.749908447265625},"min":{"x":-531.27532958984375,"y":-331.250244140625}},"zoom":0.714938879013061523}}