{"nodes":{"node:1":{"group_size":{"x":452,"y":346},"location":{"x":878,"y":646}},"node:163":{"location":{"x":0,"y":0}},"node:166":{"location":{"x":-27,"y":134}},"node:169":{"location":{"x":-251,"y":278}},"node:173":{"location":{"x":-123,"y":294}},"node:177":{"location":{"x":66,"y":294}},"node:181":{"location":{"x":226,"y":278}},"node:3":{"group_size":{"x":288,"y":408},"location":{"x":1264,"y":640}}},"selection":null,"view":{"scroll":{"x":-452.632568359375,"y":-167.5516357421875},"visible_rect":{"max":{"x":4671.14599609375,"y":1811.4990234375},"min":{"x":-2658.284423828125,"y":-984.0208740234375}},"zoom":0.17027243971824646}}