{"nodes":{"node:169":{"location":{"x":0,"y":0}},"node:172":{"location":{"x":-14,"y":182}}},"selection":null,"view":{"scroll":{"x":-628.99212646484375,"y":-207.730026245117188},"visible_rect":{"max":{"x":31247.251953125,"y":10866.736328125},"min":{"x":-31751.25390625,"y":-10486.123046875}},"zoom":0.0198099929839372635}}