{"nodes":{"node:1":{"group_size":{"x":506,"y":386},"location":{"x":304,"y":736}},"node:3":{"group_size":{"x":304,"y":448},"location":{"x":1424,"y":720}},"node:355":{"location":{"x":0,"y":0}},"node:358":{"location":{"x":-27,"y":134}},"node:364":{"location":{"x":-251,"y":278}},"node:371":{"location":{"x":-123,"y":294}},"node:378":{"location":{"x":66,"y":294}},"node:385":{"location":{"x":226,"y":278}}},"selection":null,"view":{"scroll":{"x":37.462799072265625,"y":9.61624717712402344},"visible_rect":{"max":{"x":3168.4111328125,"y":1220.0950927734375},"min":{"x":93.3551101684570312,"y":23.9631271362304688}},"zoom":0.401293516159057617}}