{"nodes":{"node:169":{"location":{"x":0,"y":0}},"node:172":{"location":{"x":-14,"y":182}}},"selection":null,"view":{"scroll":{"x":-778.60784912109375,"y":-182.23486328125},"visible_rect":{"max":{"x":765.036865234375,"y":677.633056640625},"min":{"x":-1269.0107421875,"y":-297.014739990234375}},"zoom":0.613554954528808594}}