{"nodes":{"node:169":{"location":{"x":0,"y":0}},"node:172":{"location":{"x":-14,"y":182}}},"selection":null,"view":{"scroll":{"x":-636.50927734375,"y":-59.0650787353515625},"visible_rect":{"max":{"x":684.80517578125,"y":603.55035400390625},"min":{"x":-712.82330322265625,"y":-66.14666748046875}},"zoom":0.892941117286682129}}