{"nodes":{"node:100":{"location":{"x":1072,"y":928}},"node:10000":{"location":{"x":0,"y":0}},"node:399":{"location":{"x":0,"y":0}},"node:402":{"location":{"x":-27,"y":134}},"node:408":{"location":{"x":-238,"y":246}},"node:415":{"location":{"x":-78,"y":294}},"node:422":{"location":{"x":82,"y":310}},"node:429":{"location":{"x":194,"y":246}},"node:436":{"location":{"x":242,"y":166}}},"selection":null,"view":{"scroll":{"x":354.72918701171875,"y":230.841766357421875},"visible_rect":{"max":{"x":1645.11376953125,"y":902.259765625},"min":{"x":409.88824462890625,"y":266.736785888671875}},"zoom":0.865429043769836426}}