{"nodes":{"node:157":{"location":{"x":0,"y":0}},"node:160":{"location":{"x":-27,"y":134}},"node:163":{"location":{"x":-251,"y":278}},"node:167":{"location":{"x":-123,"y":294}},"node:171":{"location":{"x":66,"y":294}},"node:175":{"location":{"x":226,"y":278}}},"selection":null,"view":{"scroll":{"x":-870.83526611328125,"y":47.3288040161132812},"visible_rect":{"max":{"x":472.381988525390625,"y":634.15423583984375},"min":{"x":-1090.6822509765625,"y":59.2772140502929688}},"zoom":0.798431634902954102}}