{"nodes":{"node:169":{"location":{"x":0,"y":0}},"node:172":{"location":{"x":-14,"y":182}}},"selection":null,"view":{"scroll":{"x":-689.12054443359375,"y":-249.819473266601562},"visible_rect":{"max":{"x":2162.640869140625,"y":1347.3199462890625},"min":{"x":-2666.621826171875,"y":-966.7017822265625}},"zoom":0.258424550294876099}}