{"nodes":{"node:169":{"location":{"x":0,"y":0}},"node:172":{"location":{"x":-14,"y":182}}},"selection":null,"view":{"scroll":{"x":-419.621734619140625,"y":-205.36639404296875},"visible_rect":{"max":{"x":12515.625,"y":6752.521484375},"min":{"x":-13019.611328125,"y":-6371.90673828125}},"zoom":0.0322299748659133911}}