{"nodes":{"node:133":{"location":{"x":-267,"y":-78}},"node:163":{"location":{"x":-75,"y":-78}},"node:49":{"location":{"x":-283,"y":-382}},"node:52":{"location":{"x":-283,"y":-234}},"node:55":{"location":{"x":-459,"y":-74}}},"selection":null,"view":{"scroll":{"x":-627.68682861328125,"y":-425.6099853515625},"visible_rect":{"max":{"x":199.31317138671875,"y":47.3900146484375},"min":{"x":-627.68682861328125,"y":-425.6099853515625}},"zoom":1}}