{"nodes":{"node:174":{"location":{"x":0,"y":0}},"node:177":{"location":{"x":-27,"y":134}},"node:180":{"location":{"x":-251,"y":278}},"node:184":{"location":{"x":-123,"y":294}},"node:188":{"location":{"x":66,"y":294}},"node:192":{"location":{"x":226,"y":278}}},"selection":null,"view":{"scroll":{"x":-715.8594970703125,"y":-98.1699676513671875},"visible_rect":{"max":{"x":932.41741943359375,"y":584.9375},"min":{"x":-1254.330078125,"y":-172.013565063476562}},"zoom":0.570710599422454834}}