{"nodes":{"node:100":{"location":{"x":864,"y":656}},"node:10000":{"location":{"x":1408,"y":624}},"node:370":{"location":{"x":0,"y":0}},"node:373":{"location":{"x":-27,"y":134}},"node:379":{"location":{"x":-238,"y":246}},"node:386":{"location":{"x":-78,"y":294}},"node:393":{"location":{"x":82,"y":310}},"node:400":{"location":{"x":194,"y":246}},"node:407":{"location":{"x":242,"y":166}}},"selection":null,"view":{"scroll":{"x":-311.25933837890625,"y":-100.704399108886719},"visible_rect":{"max":{"x":634.32098388671875,"y":496.394195556640625},"min":{"x":-415.01251220703125,"y":-134.272552490234375}},"zoom":0.749999880790710449}}