{"nodes":{"node:100":{"location":{"x":864,"y":656}},"node:10000":{"location":{"x":1408,"y":624}},"node:362":{"location":{"x":0,"y":0}},"node:365":{"location":{"x":-27,"y":134}},"node:371":{"location":{"x":-238,"y":246}},"node:378":{"location":{"x":-78,"y":294}},"node:385":{"location":{"x":82,"y":310}},"node:392":{"location":{"x":194,"y":246}},"node:399":{"location":{"x":242,"y":166}}},"selection":null,"view":{"scroll":{"x":436.690399169921875,"y":240.071136474609375},"visible_rect":{"max":{"x":2446.206298828125,"y":1452.763427734375},"min":{"x":889.68377685546875,"y":489.1048583984375}},"zoom":0.490837752819061279}}