{"nodes":{"node:169":{"location":{"x":0,"y":0}},"node:172":{"location":{"x":-14,"y":182}}},"selection":null,"view":{"scroll":{"x":-482.2249755859375,"y":-153.299407958984375},"visible_rect":{"max":{"x":1059.4151611328125,"y":877.6199951171875},"min":{"x":-1563.3887939453125,"y":-497.0015869140625}},"zoom":0.308448523283004761}}