{"nodes":{"node:1":{"group_size":{"x":452,"y":346},"location":{"x":1104,"y":752}},"node:200":{"location":{"x":1247,"y":402}},"node:203":{"location":{"x":1231,"y":530}},"node:206":{"location":{"x":1074,"y":678}},"node:212":{"location":{"x":850,"y":838}},"node:219":{"location":{"x":1186,"y":886}},"node:224":{"location":{"x":1618,"y":770}},"node:227":{"location":{"x":1554,"y":962}},"node:3":{"group_size":{"x":288,"y":408},"location":{"x":1360,"y":688}},"node:349":{"location":{"x":1759,"y":946}}},"selection":null,"view":{"scroll":{"x":415.640960693359375,"y":269.62939453125},"visible_rect":{"max":{"x":2056.28564453125,"y":1088.8721923828125},"min":{"x":603.73822021484375,"y":391.64947509765625}},"zoom":0.688445687294006348}}