{
    "jetBurnParameter": {
        "blendTexture": "noise9.png",
        "color": {
            "a": 1.0,
            "b": 0.07058823108673096,
            "g": 0.25214773416519165,
            "r": 1.0
        },
        "materialTexture": "gradeation.png",
        "noiseScale": {
            "x": 1.0,
            "y": 1.0,
            "z": 1.0
        },
        "rotate": {
            "w": 0.034049518406391144,
            "x": -0.9994202256202698,
            "y": 0.0,
            "z": 0.0
        },
        "scale": {
            "x": 0.27013081312179565,
            "y": 1.0063673257827759,
            "z": 0.25
        },
        "translate": {
            "x": 0.0,
            "y": -0.8999999761581421,
            "z": -0.05000000074505806
        }
    }
}
