{
    "actionScoreWeight": {
        "distance": 0.800000011920929,
        "special": 0.4000000059604645,
        "unused": 0.20000000298023224
    }
}
