{
    "BoostOn": {
        "anchorPoint": {
            "x": 0.5,
            "y": 0.5
        },
        "arcRange": 3.1415927410125732,
        "center": {
            "x": 0.5,
            "y": 0.5
        },
        "clockwise": 0,
        "color": {
            "a": 1.0,
            "b": 1.0,
            "g": 1.0,
            "r": 1.0
        },
        "drawRange": {
            "x": 400.0,
            "y": 100.0
        },
        "fillAmount": 1.0,
        "fillMethod": 0,
        "fillStartingPoint": 2,
        "innerRadius": 0.0,
        "isFlipX": false,
        "isFlipY": false,
        "leftTop": {
            "x": 0.0,
            "y": 0.0
        },
        "outerRadius": 1.0,
        "spriteSize": {
            "x": 400.0,
            "y": 100.0
        },
        "startAngle": 0.0,
        "textureName": "boostOn.png",
        "transform": {
            "rotate": {
                "x": 0.0,
                "y": 0.0,
                "z": 0.0
            },
            "scale": {
                "x": 0.30000001192092896,
                "y": 0.30000001192092896,
                "z": 1.0
            },
            "translate": {
                "x": 985.7999877929688,
                "y": 642.2999877929688,
                "z": 0.0
            }
        },
        "uvTransform": {
            "rotate": {
                "x": 0.0,
                "y": 0.0,
                "z": 0.0
            },
            "scale": {
                "x": 0.30000001192092896,
                "y": 0.30000001192092896,
                "z": 1.0
            },
            "translate": {
                "x": 985.7999877929688,
                "y": 642.2999877929688,
                "z": 0.0
            }
        }
    }
}
