{
    "MidRangeEnemy": {
        "colliderLocalPos": {
            "x": 0.0,
            "y": 1.899999976158142,
            "z": 0.0
        },
        "colliderRadius": 2.799999952316284,
        "searchRange": 70.4000015258789,
        "translateOffset": {
            "x": 0.0,
            "y": 2.5,
            "z": 0.0
        },
        "weaponOffset": {
            "x": 0.0,
            "y": 1.2000000476837158,
            "z": 0.0
        },
        "weaponRotate": {
            "x": -3.9000000953674316,
            "y": 0.0,
            "z": -1.600000023841858
        },
        "worldStatePath": ".\\Project\\Packages\\Game\\Assets\\GameData\\BehaviorTree\\midRangeEnemyBlackboard.json"
    }
}
