{
    "FollowCamera": {
        "complement": 0.5,
        "distance": 16.0,
        "easingIndex": 0,
        "limitMaxY": 2.0999999046325684,
        "limitMinY": 4.0,
        "maxSpeed": 1000.0,
        "offset": {
            "x": 0.0,
            "y": 4.020482540130615,
            "z": -17.455778121948242
        },
        "rotateDelta": 2.0,
        "smoothTime": 0.10000000149011612
    }
}
