{
    "FollowCamera": {
        "complement": 0.5,
        "distance": 16.0,
        "easingIndex": 0,
        "limitMaxY": 2.0999999046325684,
        "limitMinY": 4.0,
        "maxSpeed": 1000.0,
        "offset": {
            "x": -0.04292445629835129,
            "y": 2.0999999046325684,
            "z": -21.249000549316406
        },
        "rotateDelta": 2.0,
        "smoothTime": 0.10000000149011612
    }
}
