{
    "ShotAnimation": {
        "offsetZ": -12.399999618530273,
        "time": 0.6000000238418579
    }
}
