{
    "postureStabilityArcBgUI": {
        "anchorPoint": {
            "x": 0.5,
            "y": 0.5
        },
        "arcRange": 1.082103967666626,
        "center": {
            "x": 0.5,
            "y": 0.5
        },
        "clockwise": 0,
        "color": {
            "a": 1.0,
            "b": 0.004651188850402832,
            "g": 0.004651188850402832,
            "r": 0.004651188850402832
        },
        "drawRange": {
            "x": 400.0,
            "y": 400.0
        },
        "fillAmount": 1.0,
        "fillMethod": 2,
        "fillStartingPoint": 2,
        "innerRadius": 0.3700000047683716,
        "isFlipX": false,
        "isFlipY": false,
        "leftTop": {
            "x": 0.0,
            "y": 0.0
        },
        "outerRadius": 0.4000000059604645,
        "spriteSize": {
            "x": 400.0,
            "y": 400.0
        },
        "startAngle": 4.188790321350098,
        "textureName": "white.png",
        "transform": {
            "rotate": {
                "x": 0.0,
                "y": 0.0,
                "z": 0.0
            },
            "scale": {
                "x": 1.0,
                "y": 1.0,
                "z": 1.0
            },
            "translate": {
                "x": 640.0,
                "y": 400.0,
                "z": 1.0
            }
        },
        "uvTransform": {
            "rotate": {
                "x": 0.0,
                "y": 0.0,
                "z": 0.0
            },
            "scale": {
                "x": 1.0,
                "y": 1.0,
                "z": 1.0
            },
            "translate": {
                "x": 640.0,
                "y": 400.0,
                "z": 1.0
            }
        }
    }
}
