{
    "Grayscale": {
        "color": {
            "a": 1.0,
            "b": 1.007756233215332,
            "g": 1.0068436861038208,
            "r": 1.007756233215332
        },
        "isEnable": false
    }
}
