{
    "Grayscale": {
        "color": {
            "a": -0.004654884338378906,
            "b": 0.0,
            "g": 0.11764705926179886,
            "r": 0.0
        },
        "isEnable": false
    }
}
