{
    "Grayscale": {
        "color": {
            "a": 1.0,
            "b": 1.0081557035446167,
            "g": 1.0071961879730225,
            "r": 1.0081557035446167
        },
        "isEnable": false
    }
}
