{
    "Grayscale": {
        "color": {
            "a": 1.0,
            "b": 1.001326560974121,
            "g": 1.0011705160140991,
            "r": 1.001326560974121
        },
        "isEnable": false
    }
}
