{
    "BoostAnimation": {
        "offset": {
            "x": 1.0,
            "y": 2.0999999046325684,
            "z": -15.0
        },
        "time": 0.4000000059604645
    }
}
