{
    "FollowCamera": {
        "complement": 0.5,
        "distance": 16.0,
        "easingIndex": 0,
        "limitMaxY": 2.0999999046325684,
        "limitMinY": 4.0,
        "maxSpeed": 30.0,
        "offset": {
            "x": -0.044274911284446716,
            "y": 2.238978385925293,
            "z": -21.691072463989258
        },
        "rotateDelta": 2.0,
        "smoothTime": 0.30000001192092896
    }
}
