{
    "FollowCamera": {
        "complement": 0.5,
        "distance": 16.0,
        "easingIndex": 0,
        "limitMaxY": 2.0999999046325684,
        "limitMinY": 4.0,
        "maxSpeed": 1000.0,
        "offset": {
            "x": -0.043582625687122345,
            "y": 2.816999912261963,
            "z": -26.5049991607666
        },
        "rotateDelta": 2.0,
        "smoothTime": 0.10000000149011612
    }
}
