{
    "baseParameter": {
        "direction": {
            "x": 0.16517145931720734,
            "y": -0.9494129419326782,
            "z": 0.26708322763442993
        },
        "farClip": 307.79998779296875,
        "fovY": 0.0,
        "lightPos": {
            "x": 0.0,
            "y": 39.099998474121094,
            "z": 0.0
        },
        "nearClip": 0.10000000149011612,
        "shadowDepth": 100.0,
        "shadowHeight": 550.0,
        "shadowWidth": 550.0
    }
}
