{
    "directionalLight": {
        "color": {
            "a": 1.0,
            "r": 0.8954461812973022,
            "g": 0.9674418568611145,
            "b": 0.9563913345336914
        },
        "direction": {
            "x": 0.0,
            "y": -0.14930769801139832,
            "z": 0.9887908697128296
        },
        "intensity": 0.5,
        "limPower": 0.5
    }
}
