# Blender 5.2.1 LTS
# www.blender.org
mtllib scarecrow.mtl
o 円柱.001
v 0.479402 3.273088 0.040561
v -0.194440 -0.463606 0.034005
v 0.468773 3.275105 -0.016688
v -0.205070 -0.461589 -0.023244
v 0.437391 3.280850 -0.065439
v -0.236452 -0.455844 -0.071995
v 0.390034 3.289447 -0.098270
v -0.283809 -0.447246 -0.104826
v 0.333911 3.299589 -0.110183
v -0.339931 -0.437105 -0.116738
v 0.277568 3.309731 -0.099364
v -0.396275 -0.426963 -0.105920
v 0.229581 3.318328 -0.067461
v -0.444262 -0.418366 -0.074016
v 0.197256 3.324073 -0.019330
v -0.476586 -0.412621 -0.025885
v 0.185515 3.326090 0.037702
v -0.488328 -0.410604 0.031146
v 0.196145 3.324073 0.094950
v -0.477698 -0.412621 0.088395
v 0.227527 3.318328 0.143701
v -0.446316 -0.418366 0.137146
v 0.274884 3.309731 0.176532
v -0.398959 -0.426963 0.169977
v 0.331006 3.299589 0.188445
v -0.342837 -0.437105 0.181890
v 0.387350 3.289447 0.177626
v -0.286493 -0.447246 0.171071
v 0.435336 3.280850 0.145723
v -0.238506 -0.455844 0.139167
v 0.467661 3.275105 0.097592
v -0.206182 -0.461589 0.091036
v 0.137981 1.405360 -0.176985
v 0.127351 1.407377 -0.234234
v 0.095969 1.413122 -0.282985
v 0.048612 1.421719 -0.315815
v -0.007510 1.431861 -0.327728
v -0.063854 1.442002 -0.316910
v -0.111841 1.450600 -0.285006
v -0.144165 1.456345 -0.236875
v -0.155907 1.458362 -0.179844
v -0.145277 1.456345 -0.122595
v -0.113895 1.450600 -0.073844
v -0.066538 1.442002 -0.041013
v -0.010415 1.431861 -0.029100
v 0.045928 1.421719 -0.039919
v 0.093915 1.413122 -0.071823
v 0.126239 1.407377 -0.119954
v 0.015617 0.466606 0.091419
v 0.004988 0.468624 0.034170
v -0.026395 0.474368 -0.014581
v -0.073752 0.482966 -0.047412
v -0.129874 0.493107 -0.059325
v -0.186217 0.503249 -0.048506
v -0.234204 0.511846 -0.016603
v -0.266529 0.517591 0.031528
v -0.278270 0.519608 0.088559
v -0.267641 0.517591 0.145808
v -0.236259 0.511846 0.194559
v -0.188902 0.503249 0.227390
v -0.132779 0.493107 0.239303
v -0.076436 0.482966 0.228484
v -0.028449 0.474368 0.196581
v 0.003876 0.468624 0.148450
v 0.318005 2.341267 -0.173940
v 0.286623 2.347012 -0.222691
v 0.239266 2.355609 -0.255522
v 0.183144 2.365751 -0.267435
v 0.126800 2.375892 -0.256616
v 0.078814 2.384490 -0.224713
v 0.046489 2.390235 -0.176582
v 0.034748 2.392252 -0.119551
v 0.045377 2.390235 -0.062302
v 0.076759 2.384490 -0.013551
v 0.124116 2.375892 0.019280
v 0.180239 2.365751 0.031193
v 0.236582 2.355609 0.020374
v 0.284569 2.347012 -0.011529
v 0.316894 2.341267 -0.059660
v 0.328635 2.339250 -0.116691
v -0.093977 0.001953 0.036953
v -0.104607 0.003970 -0.020295
v -0.135989 0.009715 -0.069046
v -0.183346 0.018312 -0.101877
v -0.239468 0.028454 -0.113790
v -0.295812 0.038596 -0.102971
v -0.343798 0.047193 -0.071068
v -0.376123 0.052938 -0.022937
v -0.387864 0.054955 0.034094
v -0.377235 0.052938 0.091343
v -0.345853 0.047193 0.140094
v -0.298496 0.038596 0.172925
v -0.242373 0.028454 0.184838
v -0.186030 0.018312 0.174019
v -0.138043 0.009715 0.142116
v -0.105718 0.003970 0.093985
v 0.094638 0.935246 -0.014619
v 0.063256 0.940991 -0.063370
v 0.015899 0.949589 -0.096201
v -0.040224 0.959730 -0.108114
v -0.096567 0.969872 -0.097295
v -0.144554 0.978469 -0.065392
v -0.176879 0.984214 -0.017261
v -0.188620 0.986231 0.039770
v -0.177990 0.984214 0.097019
v -0.146608 0.978469 0.145770
v -0.099251 0.969872 0.178601
v -0.043129 0.959730 0.190514
v 0.013215 0.949589 0.179695
v 0.061202 0.940991 0.147792
v 0.093526 0.935246 0.099661
v 0.105267 0.933229 0.042630
v 0.218999 1.873531 -0.016124
v 0.208369 1.875548 -0.073373
v 0.176987 1.881292 -0.122123
v 0.129630 1.889890 -0.154954
v 0.073508 1.900032 -0.166867
v 0.017164 1.910173 -0.156049
v -0.030823 1.918771 -0.124145
v -0.063147 1.924515 -0.076014
v -0.074889 1.926533 -0.018983
v -0.064259 1.924515 0.038266
v -0.032877 1.918771 0.087017
v 0.014480 1.910173 0.119848
v 0.070602 1.900032 0.131761
v 0.126946 1.889890 0.120942
v 0.174933 1.881292 0.089038
v 0.207257 1.875548 0.040907
v 0.384707 2.808931 -0.017506
v 0.353325 2.814676 -0.066257
v 0.305968 2.823273 -0.099088
v 0.249846 2.833415 -0.111001
v 0.193502 2.843556 -0.100182
v 0.145515 2.852154 -0.068279
v 0.113191 2.857899 -0.020148
v 0.101449 2.859916 0.036884
v 0.112079 2.857899 0.094133
v 0.143461 2.852154 0.142883
v 0.190818 2.843556 0.175714
v 0.246940 2.833415 0.187627
v 0.303284 2.823273 0.176809
v 0.351271 2.814676 0.144905
v 0.383595 2.808931 0.096774
v 0.395337 2.806914 0.039743
v 0.940723 3.985264 0.067800
v 0.992445 3.705414 0.066238
v 0.986427 3.413983 0.061411
v 0.849734 3.024519 0.048086
v 0.441890 4.295263 0.128979
v 1.079688 4.405784 0.536184
v 1.013778 4.452271 0.547287
v 0.925472 3.690956 0.279445
v 0.923725 3.400387 0.273848
v 0.892369 3.148109 0.257414
v 0.814892 3.017139 0.129156
v 0.377752 4.282066 0.195751
v 0.895163 4.364806 0.731169
v 0.913057 4.456420 0.628320
v 0.757870 3.656472 0.453927
v 0.768881 3.368527 0.435049
v 0.773856 3.123725 0.380792
v 0.721765 2.997884 0.245975
v 0.284869 4.263215 0.237537
v 0.397928 4.120688 0.411344
v 0.499764 3.894537 0.526859
v 0.574874 3.619189 0.566497
v 0.610997 3.336325 0.539682
v 0.602231 3.088893 0.458003
v 0.589619 2.971158 0.285541
v 0.177382 4.241579 0.247977
v 0.199319 4.080710 0.430635
v 0.240269 3.842303 0.552064
v 0.293998 3.562651 0.593779
v 0.351501 3.284091 0.564887
v 0.403622 3.048914 0.477294
v 0.435819 2.940233 0.293363
v 0.071656 4.220452 0.225482
v 0.003962 4.041674 0.389069
v -0.014977 3.791298 0.497755
v 0.017722 3.507444 0.534995
v 0.096255 3.233086 0.510578
v 0.208265 3.009877 0.435728
v 0.283779 2.909818 0.268249
v -0.016215 4.203051 0.173475
v -0.152175 3.473950 0.402471
v -0.049528 3.204384 0.388774
v 0.045902 2.977724 0.339632
v 0.156646 2.884542 0.214022
v -0.072852 4.192024 0.099875
v -0.300174 3.445136 0.210145
v -0.186261 3.177763 0.211088
v -0.058750 2.957349 0.203636
v 0.076529 2.869050 0.087408
v -0.089633 4.189051 0.015886
v -0.294060 3.983651 0.001786
v -0.404361 3.715489 -0.008254
v -0.344025 3.437366 -0.009329
v -0.225948 3.170824 -0.007139
v -0.087003 2.952652 -0.003085
v 0.050536 2.864229 0.002898
v 0.461279 2.888880 0.025230
v 0.177799 4.300417 0.031899
v -0.064003 4.194583 -0.065705
v -0.246702 3.993875 -0.148974
v -0.342486 3.728846 -0.205231
v -0.277051 3.451824 -0.222536
v -0.164072 3.184182 -0.204116
v -0.039645 2.962875 -0.153845
v 0.085377 2.871609 -0.078172
v 0.000136 4.207780 -0.132476
v -0.128190 4.018259 -0.272351
v -0.187642 3.760705 -0.366432
v -0.111101 3.485830 -0.366099
v -0.011982 3.215244 -0.313786
v 0.075838 2.986383 -0.220539
v 0.175750 2.890068 -0.143460
v 0.093019 4.226631 -0.174263
v 0.043435 4.053091 -0.349563
v 0.034669 3.805659 -0.431242
v 0.071618 3.523034 -0.473516
v 0.145626 3.247367 -0.413266
v 0.247463 3.021215 -0.297751
v 0.307896 2.916793 -0.183027
v 0.200505 4.248267 -0.184703
v 0.242045 4.093069 -0.368854
v 0.294165 3.857893 -0.456447
v 0.352494 3.579571 -0.500798
v 0.405122 3.299601 -0.438471
v 0.446072 3.061193 -0.317042
v 0.461696 2.947718 -0.190848
v 0.306232 4.269394 -0.162207
v 0.437402 4.132106 -0.327287
v 0.549412 3.908897 -0.402138
v 0.628771 3.634778 -0.442014
v 0.660368 3.350606 -0.384162
v 0.641429 3.100231 -0.275475
v 0.613736 2.978134 -0.165734
v 0.394102 4.286796 -0.110201
v 0.599765 4.164260 -0.231192
v 0.763477 3.951466 -0.312654
v 0.798943 3.668352 -0.314644
v 0.806426 3.379387 -0.267512
v 0.803793 3.132384 -0.179379
v 0.740869 3.003410 -0.111507
v 0.450739 4.297822 -0.036600
v 0.704416 4.184635 -0.095196
v 0.900210 3.978086 -0.134967
v 0.948594 3.697644 -0.153236
v 0.945914 3.406805 -0.141356
v 0.911473 3.153635 -0.100068
v 0.823740 3.019698 -0.036424
v 0.467520 4.300796 0.047389
v 0.735423 4.190128 0.059995
v 0.942480 3.159129 0.055123
v 0.880052 4.423875 0.687348
v 0.932883 4.305065 0.756554
v 0.987259 4.254075 0.759498
v 1.049047 4.241034 0.719841
v -0.221878 3.945319 0.260545
v -0.194965 3.884912 0.340333
v -0.095105 4.022055 0.330435
v -0.118851 4.063353 0.259733
v -0.195279 3.931270 0.308237
v -0.208842 3.818492 0.351131
v -0.272301 3.740491 0.313481
v -0.207629 3.677696 0.380071
v -0.163818 3.761823 0.409663
v -0.234997 3.766981 0.348831
v -0.307514 3.864552 0.193015
v -0.236158 3.942539 0.241988
v -0.213065 4.042465 0.141970
v -0.277663 3.986557 0.083855
v -0.275774 3.916053 0.203322
v -0.318663 3.731464 0.253232
v -0.337678 3.791857 0.184767
v -0.378458 3.720078 0.121391
v -0.347189 3.650053 0.198603
v -0.342949 3.745509 0.208857
v -0.530993 4.029873 0.542358
v -0.582929 4.060584 0.460774
v -0.556330 4.046535 0.508465
v -0.602682 3.897946 0.544126
v -0.539223 3.975948 0.581776
v -0.565379 3.924436 0.579476
v -0.597209 4.057804 0.442216
v -0.668566 3.979818 0.393243
v -0.636825 4.031319 0.403550
v -0.668059 3.949312 0.415412
v -0.649044 3.888920 0.483878
v -0.673330 3.902965 0.439502
v -0.577148 4.088803 0.630082
v -0.643200 4.147001 0.499498
v -0.600273 4.124329 0.576466
v -0.675078 3.884527 0.634017
v -0.572664 4.010410 0.694779
v -0.614876 3.927278 0.691067
v -0.666246 4.142515 0.469550
v -0.781406 4.016655 0.390514
v -0.730181 4.099771 0.407148
v -0.780588 3.967424 0.426292
v -0.749901 3.869959 0.536785
v -0.789095 3.892625 0.465170
v -0.723158 4.127995 0.558753
v -0.696559 4.113946 0.606445
v -0.682230 4.091933 0.639667
v -0.705607 3.991848 0.677455
v -0.742910 3.965357 0.642106
v -0.679452 4.043359 0.679756
v -0.808794 4.047228 0.491223
v -0.777054 4.098729 0.501530
v -0.737438 4.125215 0.540196
v -0.813559 3.970376 0.537482
v -0.808287 4.016723 0.513392
v -0.789273 3.956331 0.581857
v 0.699481 4.106463 0.287284
v 0.792815 4.065837 0.247422
v 0.742684 4.142537 0.174633
v 0.689977 4.149508 0.217808
v 0.746379 4.098588 0.255245
v 0.832738 4.022249 0.255476
v 0.831623 3.962191 0.313941
v 0.890106 3.904067 0.268319
v 0.899441 3.976353 0.199220
v 0.851511 3.983806 0.276453
v 0.662811 4.036966 0.384796
v 0.675418 4.101512 0.312335
v 0.579686 4.128648 0.329395
v 0.561393 4.100178 0.375958
v 0.652164 4.078582 0.353922
v 0.771228 3.949764 0.376815
v 0.689386 3.994877 0.402680
v 0.662255 3.927516 0.453757
v 0.732130 3.872000 0.432685
v 0.727696 3.958952 0.404755
v 1.028392 4.355559 0.530970
v 0.935058 4.396185 0.570832
v 0.981956 4.388310 0.538792
v 1.067200 4.251913 0.597488
v 1.068315 4.311972 0.539023
v 1.087087 4.273528 0.560000
v 0.910995 4.391234 0.595883
v 0.898388 4.326689 0.668343
v 0.887741 4.368304 0.637470
v 0.924963 4.284599 0.686228
v 1.006805 4.239486 0.660362
v 0.963273 4.248675 0.688302
v 0.947212 4.463448 0.592763
v 1.162999 4.289351 0.577389
v 1.134770 4.258671 0.630599
v 1.136353 4.343917 0.547615
v 1.196086 4.328254 0.703249
v 1.110363 4.310616 0.792491
v 1.141004 4.475368 0.608834
v 1.197669 4.413500 0.620265
v 1.224314 4.358934 0.650039
v 1.008527 4.533031 0.665413
v 1.075093 4.521854 0.619937
v 0.974373 4.526003 0.700970
v 0.956479 4.434390 0.803819
v 0.941367 4.493458 0.759998
v 1.048574 4.323658 0.832148
v 0.994198 4.374648 0.829204
v 1.188868 4.402568 0.750095
v 1.133030 4.391080 0.808225
v 1.152989 4.498394 0.688597
v 1.189899 4.458095 0.696042
v 1.207255 4.422553 0.715436
v 1.066697 4.535954 0.725450
v 1.110057 4.528674 0.695829
v 1.044450 4.531377 0.748611
v 1.032794 4.471702 0.815604
v 1.022951 4.510178 0.787060
v 1.092783 4.399575 0.834057
v 1.057364 4.432788 0.832139
v 2.470310 1.881454 -0.257603
v -2.151455 2.714982 -0.302567
v 2.472486 1.890914 -0.305909
v -2.149279 2.724442 -0.350873
v 2.477742 1.917853 -0.346827
v -2.144022 2.751381 -0.391791
v 2.485279 1.958170 -0.374128
v -2.136486 2.791698 -0.419092
v 2.493948 2.005727 -0.383657
v -2.127816 2.839255 -0.428621
v 2.502431 2.053285 -0.373961
v -2.119334 2.886812 -0.418925
v 2.509435 2.093602 -0.346519
v -2.112329 2.927129 -0.391482
v 2.513895 2.120541 -0.305506
v -2.107870 2.954068 -0.350470
v 2.515130 2.130000 -0.257167
v -2.106634 2.963528 -0.302131
v 2.512954 2.120541 -0.208862
v -2.108810 2.954068 -0.253826
v 2.507698 2.093602 -0.167943
v -2.114067 2.927129 -0.212907
v 2.500161 2.053285 -0.140642
v -2.121603 2.886812 -0.185606
v 2.491492 2.005727 -0.131113
v -2.130273 2.839255 -0.176077
v 2.483009 1.958170 -0.140809
v -2.138756 2.791698 -0.185773
v 2.476005 1.917853 -0.168252
v -2.145760 2.751381 -0.213216
v 2.471545 1.890914 -0.209265
v -2.150219 2.724442 -0.254228
v 0.159427 2.298218 -0.280085
v 0.161603 2.307678 -0.328391
v 0.166860 2.334617 -0.369309
v 0.174397 2.374934 -0.396610
v 0.183066 2.422491 -0.406139
v 0.191549 2.470048 -0.396443
v 0.198553 2.510365 -0.369000
v 0.203012 2.537304 -0.327988
v 0.204248 2.546764 -0.279649
v 0.202072 2.537304 -0.231344
v 0.196816 2.510365 -0.190425
v 0.189279 2.470048 -0.163124
v 0.180609 2.422491 -0.153595
v 0.172127 2.374934 -0.163291
v 0.165123 2.334617 -0.190734
v 0.160663 2.307678 -0.231746
v -0.993068 2.560209 -0.291297
v -0.990892 2.569669 -0.339603
v -0.985636 2.596608 -0.380521
v -0.978099 2.636925 -0.407823
v -0.969430 2.684482 -0.417351
v -0.960947 2.732039 -0.407656
v -0.953943 2.772357 -0.380213
v -0.949484 2.799296 -0.339200
v -0.948248 2.808755 -0.290861
v -0.950424 2.799296 -0.242556
v -0.955680 2.772357 -0.201638
v -0.963217 2.732039 -0.174336
v -0.971887 2.684482 -0.164808
v -0.980369 2.636925 -0.174503
v -0.987373 2.596608 -0.201946
v -0.991833 2.569669 -0.242959
v 1.331762 2.007877 -0.317006
v 1.337019 2.034816 -0.357925
v 1.344556 2.075133 -0.385226
v 1.353225 2.122691 -0.394754
v 1.361708 2.170248 -0.385059
v 1.368712 2.210565 -0.357616
v 1.373171 2.237504 -0.316604
v 1.374407 2.246964 -0.268265
v 1.372231 2.237504 -0.219959
v 1.366974 2.210565 -0.179041
v 1.359438 2.170248 -0.151740
v 1.350768 2.122691 -0.142211
v 1.342286 2.075133 -0.151907
v 1.335282 2.034816 -0.179350
v 1.330822 2.007877 -0.220362
v 1.329586 1.998418 -0.268701
v 0.737148 2.194027 -0.274465
v 0.739324 2.203487 -0.322770
v 0.744581 2.230426 -0.363688
v 0.752117 2.270743 -0.390990
v 0.760787 2.318300 -0.400518
v 0.769269 2.365858 -0.390823
v 0.776273 2.406175 -0.363380
v 0.780733 2.433114 -0.322367
v 0.781969 2.442573 -0.274029
v 0.779793 2.433114 -0.225723
v 0.774536 2.406175 -0.184805
v 0.766999 2.365858 -0.157503
v 0.758330 2.318300 -0.147975
v 0.749847 2.270743 -0.157670
v 0.742843 2.230426 -0.185113
v 0.738384 2.203487 -0.226126
v -0.413725 2.455401 -0.333988
v -0.408469 2.482340 -0.374906
v -0.400932 2.522657 -0.402207
v -0.392263 2.570214 -0.411736
v -0.383780 2.617772 -0.402041
v -0.376776 2.658089 -0.374598
v -0.372317 2.685028 -0.333585
v -0.371081 2.694487 -0.285246
v -0.373257 2.685028 -0.236941
v -0.378513 2.658089 -0.196023
v -0.386050 2.617772 -0.168721
v -0.394720 2.570214 -0.159193
v -0.403202 2.522657 -0.168888
v -0.410206 2.482340 -0.196331
v -0.414666 2.455401 -0.237344
v -0.415901 2.445941 -0.285682
v -1.573734 2.610791 -0.296947
v -1.571558 2.620251 -0.345252
v -1.566302 2.647190 -0.386170
v -1.558765 2.687507 -0.413472
v -1.550096 2.735064 -0.423000
v -1.541613 2.782621 -0.413305
v -1.534609 2.822938 -0.385862
v -1.530149 2.849877 -0.344849
v -1.528914 2.859337 -0.296511
v -1.531090 2.849877 -0.248205
v -1.536346 2.822938 -0.207287
v -1.543883 2.782621 -0.179985
v -1.552552 2.735064 -0.170457
v -1.561035 2.687507 -0.180152
v -1.568039 2.647190 -0.207595
v -1.572499 2.620251 -0.248608
v 2.022092 2.005024 -0.310290
v 2.027349 2.031963 -0.351209
v 2.034885 2.072280 -0.378510
v 2.043555 2.119837 -0.388038
v 2.052037 2.167395 -0.378343
v 2.059042 2.207712 -0.350900
v 2.063501 2.234651 -0.309888
v 2.064737 2.244110 -0.261549
v 2.062561 2.234651 -0.213243
v 2.057304 2.207712 -0.172325
v 2.049767 2.167395 -0.145024
v 2.041098 2.119837 -0.135495
v 2.032615 2.072280 -0.145190
v 2.025611 2.031963 -0.172634
v 2.021152 2.005024 -0.213646
v 2.019916 1.995564 -0.261985
v 1.268123 2.399361 -0.221424
v -0.682704 2.839680 -0.241167
v 1.257937 2.359475 -0.104488
v -0.692891 2.799793 -0.124231
v 1.230744 2.243794 0.002530
v -0.720084 2.684113 -0.017213
v 1.188747 2.061691 0.090959
v -0.762081 2.502009 0.071216
v 1.135348 1.827917 0.153635
v -0.815480 2.268236 0.133893
v 1.074873 1.561413 0.185482
v -0.842503 2.149977 0.166574
v 1.012223 1.283769 0.183918
v 0.108383 1.784195 -0.647625
v 0.045732 1.506551 -0.649189
v -0.014743 1.240047 -0.617343
v 0.036551 1.503852 0.197758
v 0.099459 1.781572 0.175610
v 0.140714 1.962900 0.143284
v 0.960671 1.019887 -0.607471
v 1.021146 1.286392 -0.639318
v -0.929682 1.726710 -0.659060
v 1.083797 1.564036 -0.637754
v -0.867031 2.004355 -0.657497
v 1.143548 1.830328 -0.602907
v -0.807280 2.270647 -0.622649
v 1.195560 2.063693 -0.537599
v -0.755268 2.504012 -0.557342
v 1.235618 2.245227 -0.447122
v -0.715210 2.685545 -0.466865
v 1.260477 2.360221 -0.338805
v -0.690351 2.800540 -0.358548
v 0.743037 2.353874 -0.002406
v 0.701040 2.171770 0.086023
v 0.608771 1.765741 0.147729
v 0.558896 1.605620 0.180030
v 0.531277 1.114081 0.144782
v 0.525985 1.316684 -0.611237
v 0.533439 1.396471 -0.644254
v 0.596090 1.674116 -0.642690
v 0.655841 1.940408 -0.607842
v 0.707853 2.173773 -0.542535
v 0.747911 2.355306 -0.452058
v -0.194998 2.729600 -0.236231
v -0.202644 2.690460 -0.353612
v -0.227503 2.575466 -0.461929
v -0.267561 2.393932 -0.552406
v -0.319573 2.160567 -0.617714
v -0.379324 1.894275 -0.652561
v -0.390974 1.842528 -0.655542
v -0.459146 1.575964 0.135549
v -0.435536 1.682090 0.169494
v -0.388248 1.891652 0.170675
v -0.327773 2.158156 0.138828
v -0.274374 2.391930 0.076152
v -0.232377 2.574033 -0.012277
v -0.205184 2.689714 -0.119295
v 0.412976 1.990963 0.146325
v 0.352502 1.724459 0.178171
v 0.289851 1.446814 0.176607
v 0.296612 1.167047 0.142407
v 0.238300 1.182933 -0.614782
v 0.298774 1.449437 -0.646628
v 0.361425 1.727082 -0.645065
v 0.421177 1.993373 -0.610217
v -0.083023 2.305192 -0.550689
v -0.075719 2.105527 -0.615246
v -0.135471 1.839235 -0.650093
v -0.198122 1.561591 -0.651657
v -0.258596 1.295087 -0.619810
v -0.144394 1.836612 0.173143
v -0.083919 2.103117 0.141296
v -0.089836 2.303190 0.077869
v -0.448094 2.745999 -0.187208
v -0.446497 2.745500 -0.356080
v -0.471356 2.630506 -0.464397
v -0.511414 2.448972 -0.554874
v -0.563426 2.215607 -0.620182
v -0.623178 1.949315 -0.655029
v -0.685829 1.671671 -0.656593
v -0.746303 1.405166 -0.624746
v -0.783222 1.391272 0.239222
v -0.695142 1.668933 0.202588
v -0.632101 1.946692 0.168207
v -0.571627 2.213196 0.136361
v -0.518228 2.446970 0.073684
v -0.461258 2.691493 -0.102028
v 1.014084 2.414515 -0.106956
v 0.986891 2.298834 0.000062
v 0.944893 2.116730 0.088491
v 0.891494 1.882957 0.151167
v 0.831020 1.616453 0.183014
v 0.768369 1.338808 0.181450
v 0.775130 1.059041 0.147250
v 0.649477 1.007652 -0.610883
v 0.777292 1.341431 -0.641786
v 0.839943 1.619076 -0.640222
v 0.899695 1.885368 -0.605375
v 0.951707 2.118733 -0.540067
v 0.991765 2.300267 -0.449590
v 1.016624 2.415261 -0.341273
v 1.024270 2.454401 -0.223892
v 0.620567 2.137299 0.085041
v 0.530309 1.964480 0.147512
v 0.496165 1.670090 0.179555
v 0.407183 1.420331 0.177795
v 0.413944 1.140564 0.143595
v 0.478757 1.700599 -0.643877
v 0.538509 1.966890 -0.609030
v 0.627380 2.139301 -0.543517
v 0.902343 2.481921 -0.225126
v 0.892157 2.442035 -0.108190
v 0.864964 2.326354 -0.001172
v 0.822967 2.144250 0.087257
v 0.769568 1.910477 0.149934
v 0.663573 1.654247 0.181319
v 0.646442 1.366328 0.180216
v 0.653203 1.086561 0.146016
v 0.594891 1.102447 -0.611173
v 0.655365 1.368951 -0.643020
v 0.718017 1.646596 -0.641456
v 0.777768 1.912888 -0.606609
v 0.829780 2.146253 -0.541301
v 0.869838 2.327786 -0.450824
v 0.894697 2.442781 -0.342507
v 1.136011 2.386995 -0.105722
v 1.108817 2.271314 0.001296
v 1.066820 2.089211 0.089725
v 1.013421 1.855437 0.152401
v 0.952947 1.588933 0.184248
v 0.890296 1.311288 0.182684
v 0.897057 1.031521 0.148484
v 0.925239 1.429220 -0.639902
v 0.961870 1.591556 -0.638988
v 1.021622 1.857848 -0.604141
v 1.073633 2.091213 -0.538833
v 1.113691 2.272747 -0.448356
v 1.138551 2.387741 -0.340039
v 1.146197 2.426881 -0.222658
v 0.267235 1.934343 0.144565
v 0.225981 1.753016 0.176891
v 0.163330 1.475371 0.175327
v 0.212186 1.320293 0.142011
v 0.111778 1.211490 -0.616062
v 0.172253 1.477994 -0.647909
v 0.234904 1.755639 -0.646345
v 0.269803 1.911795 -0.612118
v 0.046208 2.078007 -0.614012
v -0.013544 1.811715 -0.648859
v -0.076195 1.534071 -0.650423
v -0.136670 1.267567 -0.618577
v -0.021791 1.195400 0.272831
v -0.039663 1.620782 0.197305
v -0.176002 1.604304 0.172060
v 0.038007 2.075597 0.142530
v -0.180386 2.527423 -0.461571
v -0.145634 2.366412 -0.551172
v -0.197646 2.133047 -0.616480
v -0.257398 1.866755 -0.651327
v -0.320049 1.589111 -0.652891
v -0.313922 1.307574 -0.620370
v -0.313609 1.654570 0.170728
v -0.266321 1.864132 0.171909
v -0.205846 2.130636 0.140062
v -0.152447 2.364410 0.077386
v -0.185260 2.525990 -0.011920
v -0.324570 2.717980 -0.354846
v -0.349430 2.602986 -0.463163
v -0.389488 2.421453 -0.553640
v -0.441499 2.188087 -0.618948
v -0.501251 1.921795 -0.653795
v -0.563902 1.644151 -0.655359
v -0.649896 1.527072 -0.623313
v -0.510174 1.919172 0.169441
v -0.449700 2.185676 0.137594
v -0.396301 2.419450 0.074918
v -0.354303 2.601553 -0.013511
v -0.417773 2.737697 -0.121446
v -0.316924 2.757120 -0.237465
v -0.560778 2.812160 -0.239933
v -0.568424 2.773020 -0.357314
v -0.593283 2.658026 -0.465631
v -0.633341 2.476492 -0.556108
v -0.685353 2.243127 -0.621415
v -0.745105 1.976835 -0.656263
v -0.807756 1.699190 -0.657827
v -0.868230 1.432686 -0.625980
v -0.817068 1.696453 0.201354
v -0.754028 1.974212 0.166973
v -0.693553 2.240716 0.135127
v -0.640154 2.474489 0.072450
v -0.598157 2.656593 -0.015979
v -0.570964 2.772274 -0.122997
vn 0.4858 -0.8741 0.0045
vn 0.9077 -0.1813 -0.3785
vn 0.9754 -0.2203 0.0043
vn 0.4415 -0.8647 -0.2394
vn 0.7017 -0.1148 -0.7032
vn 0.3096 -0.8385 -0.4484
vn 0.3894 -0.0312 -0.9205
vn 0.1087 -0.7992 -0.5912
vn 0.0192 0.0569 -0.9982
vn -0.1315 -0.7525 -0.6453
vn -0.3530 0.1361 -0.9257
vn -0.3749 -0.7057 -0.6012
vn -0.6723 0.1955 -0.7140
vn -0.5838 -0.6658 -0.4647
vn -0.8908 0.2254 -0.3945
vn -0.7252 -0.6392 -0.2561
vn -0.9751 0.2213 -0.0144
vn -0.7295 -0.6400 0.2412
vn -0.9111 0.1833 0.3692
vn -0.5921 -0.6673 0.4518
vn -0.7073 0.1170 0.6972
vn -0.3862 -0.7076 0.5918
vn -0.3945 0.0325 0.9183
vn -0.1444 -0.7544 0.6403
vn -0.0213 -0.0569 0.9982
vn 0.0963 -0.8008 0.5911
vn 0.3551 -0.1375 0.9247
vn 0.2996 -0.8397 0.4529
vn 0.6766 -0.1967 0.7096
vn 0.4360 -0.8654 0.2471
vn 0.8942 -0.2257 0.3867
vn -0.4461 0.8593 -0.2503
vn -0.1119 0.7976 0.5928
vn 0.7180 0.6485 0.2530
vn 0.9284 -0.0901 0.3606
vn 0.9785 -0.2035 0.0347
vn 0.8867 -0.2084 0.4128
vn 0.7174 -0.0438 0.6952
vn 0.6638 -0.1812 0.7256
vn 0.3894 0.0092 0.9210
vn 0.3453 -0.1275 0.9298
vn -0.0038 0.0616 0.9981
vn -0.0224 -0.0565 0.9982
vn -0.3870 0.0216 0.9218
vn -0.6967 0.0962 0.7109
vn -0.3965 0.1043 0.9121
vn -0.9055 0.1578 0.3940
vn -0.7231 0.1286 0.6787
vn -0.9802 0.1974 0.0155
vn -0.9311 0.1314 0.3402
vn -0.9061 0.2079 -0.3685
vn -0.9923 0.1153 -0.0454
vn -0.6911 0.1860 -0.6984
vn -0.9044 0.0847 -0.4182
vn -0.3664 0.1341 -0.9207
vn -0.6862 0.0432 -0.7262
vn 0.0180 0.0605 -0.9980
vn -0.3716 -0.0059 -0.9284
vn 0.3631 -0.1013 -0.9262
vn 0.4003 -0.0229 -0.9161
vn 0.6816 -0.1307 -0.7200
vn 0.7182 -0.1028 -0.6882
vn 0.9034 -0.1385 -0.4057
vn 0.9208 -0.1664 -0.3528
vn 0.9920 -0.1236 -0.0268
vn 0.9177 -0.0058 0.3972
vn 0.9777 -0.2092 0.0195
vn 0.9927 -0.1178 0.0251
vn 0.7072 0.1025 0.6996
vn 0.8963 -0.1937 0.3990
vn 0.4011 0.1948 0.8951
vn 0.6803 -0.1493 0.7175
vn 0.0428 0.2620 0.9641
vn 0.3630 -0.0828 0.9281
vn -0.3789 0.0753 0.9224
vn -0.3243 0.2957 0.8986
vn -0.6932 0.1438 0.7062
vn -0.6533 0.2873 0.7005
vn -0.9038 0.1908 0.3830
vn -0.8919 0.2321 0.3882
vn -0.9779 0.2092 0.0005
vn -0.9908 0.1354 0.0067
vn -0.9027 0.1955 -0.3834
vn -0.9268 0.0156 -0.3752
vn -0.6883 0.1516 -0.7094
vn -0.7167 -0.1034 -0.6897
vn -0.3667 0.0840 -0.9265
vn -0.4031 -0.2029 -0.8924
vn 0.0124 0.0032 -0.9999
vn -0.0339 -0.2710 -0.9620
vn 0.3436 -0.2988 -0.8903
vn 0.6770 -0.2801 -0.6806
vn 0.3891 -0.0781 -0.9179
vn 0.9087 -0.2158 -0.3574
vn 0.7048 -0.1470 -0.6940
vn 0.9111 -0.1929 -0.3644
vn 0.9830 -0.1831 -0.0151
vn 0.9285 -0.0909 -0.3600
vn 0.9858 -0.1658 0.0247
vn 0.9078 -0.1464 -0.3931
vn 0.7262 -0.0019 -0.6875
vn 0.6986 -0.0893 -0.7099
vn 0.4126 0.0862 -0.9068
vn 0.3885 -0.0198 -0.9212
vn 0.0369 0.1604 -0.9864
vn -0.3458 0.1196 -0.9306
vn -0.3450 0.2097 -0.9149
vn -0.6658 0.1694 -0.7266
vn -0.6758 0.2262 -0.7015
vn -0.8897 0.1941 -0.4133
vn -0.9026 0.2071 -0.3775
vn -0.9814 0.1888 -0.0345
vn -0.9877 0.1561 0.0053
vn -0.9228 0.1536 0.3534
vn -0.9195 0.0826 0.3843
vn -0.7187 0.0943 0.6889
vn -0.7134 -0.0012 0.7008
vn -0.3995 0.0200 0.9165
vn -0.4046 -0.0840 0.9106
vn -0.0160 -0.0574 0.9982
vn -0.0390 -0.1552 0.9871
vn 0.3327 -0.2058 0.9203
vn 0.3692 -0.1255 0.9208
vn 0.6586 -0.2270 0.7174
vn 0.6945 -0.1732 0.6984
vn 0.8895 -0.2137 0.4039
vn 0.9094 -0.1930 0.3685
vn -0.0085 -0.0041 1.0000
vn -0.0050 -0.0567 -0.9984
vn 0.0231 0.0532 -0.9983
vn 0.7685 0.6398 0.0075
vn 0.5788 0.6733 0.4601
vn 0.3722 0.7102 0.5975
vn 0.1297 0.7539 0.6441
vn -0.3157 0.8346 0.4514
vn -0.4509 0.8593 0.2416
vn -0.4966 0.8680 -0.0048
vn -0.3069 0.8346 -0.4575
vn -0.1003 0.7976 -0.5948
vn 0.1422 0.7539 -0.6414
vn 0.3838 0.7102 -0.5902
vn 0.5876 0.6733 -0.4488
vn 0.7227 0.6485 -0.2390
vn 0.9290 -0.3689 0.0282
vn 0.5321 -0.8256 0.1879
vn 0.6261 -0.7790 0.0334
vn 0.9950 -0.0888 0.0450
vn 0.8555 0.0773 0.5120
vn 0.8681 -0.0799 0.4900
vn 0.0124 0.9990 0.0418
vn -0.7626 0.5227 -0.3812
vn -0.5222 0.5843 -0.6211
vn 0.2337 0.9713 0.0436
vn -0.1877 0.9822 0.0042
vn 0.2075 0.9483 0.2400
vn 0.1935 -0.9807 -0.0269
vn 0.8111 -0.4073 0.4199
vn 0.2807 0.7964 0.5356
vn -0.0408 0.8870 0.4599
vn 0.0986 0.6769 0.7295
vn 0.6667 0.7017 -0.2513
vn 0.4408 -0.0068 -0.8976
vn 0.8353 0.5196 -0.1794
vn 0.0931 0.9124 0.3985
vn 0.3991 -0.8581 0.3232
vn 0.6442 -0.0826 0.7604
vn 0.5752 -0.4807 0.6619
vn 0.8053 -0.2712 0.5273
vn 0.1871 -0.9508 0.2468
vn 0.6121 -0.3192 0.7235
vn 0.5335 0.8414 0.0859
vn 0.8246 0.4571 0.3332
vn 0.6178 0.0635 0.7838
vn -0.1126 0.1565 0.9812
vn 0.2644 0.6751 0.6887
vn 0.1845 0.3468 0.9196
vn 0.3476 -0.1526 0.9251
vn 0.2990 -0.5788 0.7587
vn 0.4324 -0.9014 -0.0234
vn 0.1721 -0.9533 0.2484
vn -0.2496 0.3522 0.9020
vn -0.7220 -0.4595 0.5173
vn -0.9038 -0.1697 0.3928
vn 0.2469 -0.8965 0.3678
vn 0.3032 0.0640 0.9508
vn 0.5567 0.1953 0.8074
vn 0.0749 -0.6346 0.7692
vn 0.1565 -0.9142 0.3738
vn -0.0586 0.0105 0.9982
vn -0.0104 -0.2295 0.9733
vn -0.1588 0.5888 0.7925
vn -0.1089 0.2841 0.9526
vn -0.1941 0.8571 0.4771
vn -0.4156 -0.0645 0.9072
vn -0.3660 -0.3262 0.8716
vn -0.3890 0.5554 0.7350
vn -0.4024 0.2198 0.8887
vn -0.3300 0.8349 0.4405
vn 0.0622 -0.9277 0.3680
vn -0.1608 -0.6747 0.7204
vn -0.0836 -0.9480 0.3072
vn -0.6244 -0.3654 0.6904
vn -0.4028 -0.6818 0.6107
vn -0.6649 0.6661 0.3380
vn -0.5724 0.8198 -0.0184
vn -0.8406 0.5404 -0.0370
vn -0.3756 0.9267 -0.0059
vn 0.4788 0.8412 -0.2512
vn -0.2298 0.9459 0.2292
vn -0.6742 -0.1782 0.7167
vn -0.6047 0.6527 0.4565
vn -0.5411 0.5607 0.6267
vn -0.4530 0.8229 0.3429
vn -0.5003 -0.5782 0.6445
vn -0.1160 -0.9932 -0.0087
vn -0.6756 -0.6134 0.4089
vn 0.0275 0.3750 0.9266
vn -0.5605 0.1450 0.8154
vn -0.6167 -0.7176 0.3235
vn -0.2099 -0.9669 0.1450
vn -0.8688 -0.2753 0.4117
vn -0.8185 -0.4222 0.3897
vn -0.6553 -0.0630 0.7528
vn -0.5469 0.8161 0.1866
vn -0.6944 -0.7166 -0.0654
vn -0.2994 -0.9537 -0.0295
vn -0.8801 -0.4710 -0.0606
vn -0.8969 -0.1452 0.4178
vn -0.9965 0.0658 -0.0522
vn -0.9480 -0.3134 -0.0551
vn 0.0797 0.9134 -0.3992
vn 0.2880 0.9503 -0.1186
vn -0.8045 0.4284 -0.4114
vn -0.3879 -0.4501 -0.8043
vn -0.2740 -0.1910 -0.9426
vn -0.8613 0.0873 -0.5005
vn -0.5218 0.8251 -0.2167
vn -0.1874 -0.9382 -0.2909
vn -0.5226 -0.6818 -0.5119
vn -0.7855 -0.2719 -0.5559
vn -0.7463 0.5469 -0.3794
vn -0.6970 -0.4354 -0.5698
vn -0.0496 -0.9005 -0.4320
vn -0.2789 -0.6096 -0.7420
vn -0.5435 -0.2360 -0.8055
vn -0.5403 0.5409 -0.6446
vn -0.4464 -0.4126 -0.7940
vn -0.5648 0.1523 -0.8111
vn -0.4148 0.8339 -0.3640
vn -0.3105 0.5292 -0.7897
vn -0.0876 -0.6131 -0.7851
vn 0.0898 -0.8753 -0.4752
vn -0.2295 -0.3989 -0.8878
vn -0.2423 0.2336 -0.9417
vn -0.2824 0.8485 -0.4475
vn -0.2636 -0.1209 -0.9570
vn 0.1905 -0.8558 -0.4810
vn 0.1148 -0.3166 -0.9416
vn 0.0050 0.2547 -0.9670
vn -0.1435 0.8716 -0.4688
vn 0.1544 -0.5819 -0.7985
vn 0.0601 -0.0183 -0.9980
vn -0.0624 0.5672 -0.8212
vn -0.0101 0.9027 -0.4301
vn 0.3026 -0.8356 -0.4585
vn 0.3852 -0.5218 -0.7611
vn 0.4084 0.0533 -0.9113
vn 0.1553 0.6399 -0.7526
vn 0.4462 -0.2403 -0.8621
vn 0.2603 0.2828 -0.9232
vn 0.5666 -0.4626 -0.6819
vn 0.6391 0.0394 -0.7681
vn 0.1072 0.9372 -0.3320
vn 0.3607 0.7439 -0.5626
vn 0.4282 -0.8080 -0.4047
vn 0.6504 -0.1708 -0.7402
vn 0.5424 0.3598 -0.7591
vn 0.5409 -0.7993 -0.2619
vn 0.8720 -0.1173 -0.4753
vn 0.5119 0.8059 -0.2974
vn 0.7974 0.4627 -0.3874
vn 0.1927 0.9656 -0.1748
vn 0.7938 -0.4063 -0.4526
vn 0.8902 0.0690 -0.4504
vn 0.8738 0.4833 0.0534
vn 0.9948 0.0862 0.0543
vn 0.7986 -0.0411 0.6004
vn -0.1105 0.0856 0.9902
vn -0.9298 0.2034 -0.3067
vn -0.8104 0.5503 0.2010
vn -0.1192 0.5496 -0.8269
vn -0.1998 0.9512 -0.2353
vn 0.1633 0.8708 -0.4637
vn 0.3759 0.8382 0.3952
vn 0.5333 0.7859 0.3128
vn 0.8343 0.2033 0.5125
vn -0.1274 0.7790 0.6139
vn -0.3111 -0.2635 0.9131
vn -0.6464 0.7342 -0.2079
vn -0.9456 -0.3179 0.0686
vn -0.9675 0.0815 0.2395
vn 0.5728 0.8193 -0.0252
vn 0.7027 0.6484 0.2928
vn 0.1094 -0.9527 0.2835
vn 0.4805 -0.6885 0.5433
vn 0.0245 0.5201 -0.8538
vn 0.2739 0.7854 -0.5550
vn -0.3307 -0.7684 -0.5478
vn 0.4574 0.8714 0.1772
vn -0.4123 0.8416 0.3489
vn -0.3584 0.7667 0.5327
vn -0.2228 0.6856 -0.6930
vn 0.5677 0.6880 0.4521
vn 0.5757 0.1541 0.8030
vn -0.6590 -0.3689 -0.6555
vn -0.6013 -0.0331 -0.7983
vn -0.0986 -0.8909 0.4433
vn -0.3339 -0.9349 0.1205
vn -0.5801 -0.7301 -0.3612
vn 0.2368 -0.6061 0.7593
vn -0.3033 0.6721 0.6755
vn -0.7391 0.6710 0.0595
vn -0.8239 -0.2009 0.5300
vn -0.9780 -0.0508 0.2025
vn -0.9493 0.3129 0.0315
vn -0.5630 0.8056 0.1847
vn -0.7035 -0.1579 0.6930
vn -0.3595 0.4270 0.8297
vn -0.9712 0.1548 0.1812
vn -0.5372 0.0345 0.8427
vn 0.3646 0.9246 -0.1106
vn 0.9717 0.0986 0.2146
vn -0.2160 0.7353 0.6424
vn 0.3024 -0.0901 0.9489
vn 0.3643 0.3468 0.8643
vn -0.2948 -0.8276 0.4777
vn -0.1507 0.9587 0.2413
vn -0.9729 0.2307 0.0175
vn 0.2234 0.2673 -0.9373
vn -0.1615 0.4887 -0.8574
vn 0.5824 -0.5764 -0.5732
vn -0.2718 -0.8331 0.4817
vn 0.6201 -0.5853 -0.5224
vn -0.8948 -0.1660 0.4145
vn -0.9602 0.2692 0.0745
vn 0.4319 -0.9013 -0.0345
vn -0.7491 0.5652 -0.3455
vn -0.5036 0.6297 -0.5915
vn -0.7032 -0.4713 0.5323
vn 0.4786 -0.0115 -0.8780
vn 0.2527 0.2863 -0.9242
vn 0.1184 0.9006 0.4182
vn 0.2338 0.9344 0.2688
vn -0.5817 0.2076 0.7865
vn -0.6245 0.6537 0.4273
vn -0.3982 -0.1005 0.9118
vn 0.7646 -0.5487 0.3381
vn 0.5410 0.6279 -0.5595
vn -0.4275 0.9039 0.0129
vn 0.4872 -0.6210 0.6140
vn 0.0230 -0.4792 0.8774
vn 0.9773 -0.1506 -0.1492
vn 0.7899 0.3676 -0.4908
vn 0.6458 0.7538 0.1215
vn 0.0257 0.7674 0.6406
vn 0.6381 0.1188 0.7607
vn 0.1785 0.4017 0.8982
vn 0.0934 0.5441 0.8338
vn 0.7593 0.6266 0.1757
vn 0.7618 0.1652 0.6264
vn 0.3706 0.1777 0.9116
vn 0.4297 0.8947 0.1216
vn 0.8631 0.3727 0.3407
vn -0.6834 -0.7301 -0.0066
vn -0.1195 -0.9206 -0.3717
vn -0.1329 -0.9911 -0.0013
vn -0.6912 -0.6505 -0.3147
vn -0.0882 -0.7128 -0.6958
vn -0.7036 -0.4424 -0.5561
vn -0.0431 -0.3922 -0.9189
vn -0.6952 -0.1698 -0.6985
vn 0.0091 -0.0076 -0.9999
vn -0.6574 0.1199 -0.7439
vn 0.0598 0.3788 -0.9236
vn -0.5916 0.4043 -0.6975
vn 0.1009 0.7045 -0.7025
vn -0.5044 0.6622 -0.5542
vn 0.1260 0.9181 -0.3759
vn -0.4202 0.8521 -0.3120
vn 0.1320 0.9912 0.0013
vn -0.3852 0.9228 -0.0037
vn 0.1187 0.9181 0.3783
vn -0.4262 0.8521 0.3038
vn 0.0872 0.7045 0.7043
vn -0.5151 0.6622 0.5442
vn 0.0418 0.3788 0.9245
vn -0.6051 0.4043 0.6858
vn -0.0104 -0.0076 0.9999
vn -0.6718 0.1199 0.7310
vn -0.0609 -0.3922 0.9179
vn -0.7086 -0.1698 0.6849
vn -0.1018 -0.7128 0.6939
vn -0.7143 -0.4424 0.5423
vn -0.1267 -0.9206 0.3693
vn -0.6973 -0.6505 0.3012
vn 0.7244 0.6224 -0.2964
vn 0.7038 0.1568 0.6929
vn 0.3851 -0.8673 0.3154
vn -0.2014 -0.9072 0.3694
vn -0.2467 -0.9691 -0.0024
vn -0.2319 -0.8970 0.3762
vn -0.1600 -0.7017 0.6943
vn -0.1812 -0.6871 0.7036
vn -0.0932 -0.3850 0.9182
vn -0.1017 -0.3675 0.9244
vn -0.0060 0.0112 0.9999
vn 0.0726 0.3747 0.9243
vn 0.0902 0.3871 0.9176
vn 0.1448 0.6952 0.7041
vn 0.1712 0.6994 0.6939
vn 0.1940 0.9051 0.3784
vn 0.2245 0.9012 0.3707
vn 0.2134 0.9770 0.0021
vn 0.2449 0.9695 0.0024
vn 0.2013 0.9051 -0.3746
vn 0.2317 0.9012 -0.3663
vn 0.1585 0.6951 -0.7012
vn 0.1846 0.6994 -0.6905
vn 0.0906 0.3747 -0.9227
vn 0.1080 0.3871 -0.9157
vn 0.0082 -0.0059 -0.9999
vn 0.0134 0.0112 -0.9998
vn -0.0753 -0.3850 -0.9198
vn -0.0837 -0.3675 -0.9263
vn -0.1464 -0.7017 -0.6973
vn -0.1674 -0.6872 -0.7070
vn -0.1942 -0.9072 -0.3732
vn -0.2245 -0.8970 -0.3807
vn -0.2127 -0.9771 -0.0021
vn -0.2091 -0.9036 0.3738
vn -0.1404 -0.9901 -0.0014
vn -0.2217 -0.9751 -0.0022
vn -0.1646 -0.6947 0.7002
vn -0.1337 -0.9167 0.3765
vn -0.0941 -0.3753 0.9221
vn -0.1068 -0.7028 0.7034
vn -0.0085 0.0045 1.0000
vn -0.0628 -0.3770 0.9241
vn 0.0783 0.3832 0.9203
vn -0.0088 0.0090 0.9999
vn 0.1522 0.6997 0.6980
vn 0.0466 0.3928 0.9184
vn 0.2019 0.9053 0.3738
vn 0.0944 0.7127 0.6951
vn 0.2209 0.9753 0.0023
vn 0.1274 0.9197 0.3713
vn 0.1346 0.9197 -0.3687
vn 0.2091 0.9053 -0.3698
vn 0.1079 0.7127 -0.6932
vn 0.1658 0.6997 -0.6950
vn 0.0644 0.3928 -0.9174
vn 0.0962 0.3832 -0.9187
vn 0.0107 0.0090 -0.9999
vn 0.0110 0.0044 -0.9999
vn -0.0448 -0.3770 -0.9251
vn -0.0761 -0.3753 -0.9238
vn -0.0931 -0.7028 -0.7053
vn -0.1509 -0.6947 -0.7033
vn -0.1264 -0.9167 -0.3791
vn -0.2018 -0.9036 -0.3778
vn -0.1250 -0.9922 -0.0012
vn -0.1467 -0.9195 -0.3647
vn -0.1120 -0.9166 -0.3838
vn -0.1103 -0.7191 -0.6861
vn -0.0817 -0.6980 -0.7114
vn -0.0568 -0.4059 -0.9122
vn -0.0383 -0.3679 -0.9291
vn 0.0060 -0.0259 -0.9996
vn 0.0112 0.0203 -0.9997
vn 0.0680 0.3607 -0.9302
vn 0.0589 0.4035 -0.9131
vn 0.1195 0.6907 -0.7132
vn 0.0976 0.7202 -0.6869
vn 0.1520 0.9106 -0.3842
vn 0.1217 0.9234 -0.3641
vn 0.1605 0.9870 0.0016
vn 0.1276 0.9918 0.0012
vn 0.1146 0.9234 0.3664
vn 0.1444 0.9106 0.3871
vn 0.0842 0.7202 0.6887
vn 0.1056 0.6907 0.7154
vn 0.0411 0.4035 0.9141
vn 0.0499 0.3606 0.9314
vn -0.0082 0.0203 0.9998
vn -0.0135 -0.0259 0.9996
vn -0.0564 -0.3678 0.9282
vn -0.0745 -0.4059 0.9109
vn -0.0956 -0.6980 0.7097
vn -0.1236 -0.7191 0.6839
vn -0.1195 -0.9166 0.3815
vn -0.1538 -0.9195 0.3618
vn -0.1611 -0.9869 -0.0016
vn -0.0112 -0.0059 0.9999
vn 0.1409 0.9900 0.0014
vn 0.3468 -0.9380 0.0034
vn 0.4788 -0.6754 0.5609
vn 0.5782 -0.4137 0.7033
vn 0.6556 -0.1283 0.7441
vn 0.7224 0.4208 0.5487
vn 0.7185 0.6224 0.3105
vn 0.7140 0.7001 0.0069
vn 0.7329 0.4208 -0.5346
vn 0.7171 0.1568 -0.6791
vn 0.6700 -0.1283 -0.7312
vn 0.5918 -0.4137 -0.6919
vn 0.4896 -0.6754 -0.5515
vn 0.3911 -0.8673 -0.3079
vn 0.3028 0.9528 0.0208
vn 0.1804 0.8236 0.5378
vn 0.2485 0.8062 0.5370
vn 0.1154 0.5483 0.8283
vn 0.2172 0.5314 0.8188
vn 0.0668 0.3380 0.9388
vn 0.0665 0.3365 0.9393
vn 0.0472 0.2523 0.9665
vn 0.0511 0.2004 0.9784
vn 0.1341 0.1221 0.9834
vn 0.0896 0.1008 0.9909
vn 0.0275 0.1193 0.9925
vn 0.0182 0.1251 0.9920
vn 0.0174 0.1217 0.9924
vn 0.0219 0.0977 0.9950
vn 0.2003 0.0982 0.9748
vn 0.0390 -0.0787 0.9961
vn -0.0025 -0.0560 -0.9984
vn 0.0334 0.1036 -0.9941
vn 0.0256 0.0689 -0.9973
vn -0.0210 0.1655 -0.9860
vn -0.0008 -0.0482 -0.9988
vn 0.0242 0.0624 -0.9978
vn 0.0244 0.0634 -0.9977
vn 0.0526 0.1890 -0.9806
vn 0.0528 0.1901 -0.9804
vn 0.0868 0.3426 -0.9355
vn 0.0871 0.3440 -0.9349
vn 0.1329 0.5519 -0.8233
vn -0.0159 -0.1151 -0.9932
vn 0.1333 0.5536 -0.8221
vn 0.1917 0.8256 -0.5307
vn 0.1920 0.8269 -0.5285
vn -0.0145 0.1523 0.9882
vn -0.0129 0.1201 0.9927
vn 0.1150 0.5466 0.8295
vn -0.0594 0.3802 0.9230
vn -0.0588 0.1897 0.9801
vn -0.0292 0.0662 0.9974
vn 0.0123 0.1425 0.9897
vn -0.1687 -0.1725 -0.9705
vn -0.0365 -0.0844 -0.9958
vn -0.1013 -0.0649 -0.9927
vn -0.0422 0.3884 -0.9205
vn 0.0868 0.3425 -0.9355
vn 0.0477 0.2040 -0.9778
vn -0.0277 -0.1671 -0.9856
vn -0.0822 -0.0591 0.9949
vn -0.0367 -0.1117 0.9931
vn -0.0376 -0.1222 0.9918
vn 0.1162 0.1702 0.9785
vn 0.0299 0.0391 0.9988
vn 0.2288 0.2883 -0.9298
vn 0.2852 0.4153 -0.8638
vn 0.3741 0.4259 -0.8238
vn 0.2181 0.8080 -0.5473
vn 0.3131 0.5220 -0.7934
vn 0.1021 0.3584 -0.9280
vn 0.0526 0.1891 -0.9805
vn 0.0621 0.1994 -0.9780
vn 0.0297 0.0870 -0.9958
vn 0.0287 0.0657 -0.9974
vn 0.0150 0.0221 -0.9996
vn 0.0023 -0.0458 -0.9989
vn 0.0025 0.0560 0.9984
vn -0.2490 -0.1471 0.9573
vn -0.0313 -0.0943 0.9951
vn 0.0409 0.1931 0.9803
vn 0.2663 0.4097 0.8725
vn 0.0312 0.1824 0.9827
vn 0.3561 0.4206 0.8344
vn 0.0819 0.3525 0.9322
vn 0.2958 0.5169 0.8033
vn 0.2061 0.8046 0.5569
vn 0.2086 0.2824 0.9363
vn 0.0028 0.0679 0.9977
vn 0.0184 0.0777 -0.9968
vn 0.0598 0.2215 -0.9733
vn 0.0128 -0.0692 0.9975
vn -0.0733 -0.1228 0.9897
vn -0.0431 -0.0864 0.9953
vn 0.1025 0.5241 -0.8455
vn 0.1874 0.8051 -0.5627
vn 0.0378 0.2110 0.9767
vn 0.0450 0.1641 0.9854
vn 0.1013 0.0214 0.9946
vn -0.0834 0.1663 0.9825
vn -0.2117 -0.2547 0.9436
vn 0.0519 0.1860 -0.9812
vn -0.1671 0.4184 0.8928
vn 0.0096 0.1792 0.9838
vn 0.2005 0.8699 -0.4505
vn 0.1435 0.9896 0.0066
vn 0.0216 0.0672 -0.9975
vn 0.0061 -0.0825 -0.9966
vn -0.0134 -0.0924 -0.9956
vn 0.1667 -0.1816 -0.9691
vn -0.0028 0.0858 0.9963
vn 0.0164 0.1171 0.9930
vn 0.0180 0.5683 0.8226
vn 0.0714 0.3597 0.9303
vn 0.1678 0.9797 0.1099
vn 0.0373 0.8616 0.5062
vn -0.0243 -0.0628 0.9977
vn -0.0002 -0.0042 -1.0000
vn 0.2201 0.9755 0.0052
vn -0.0982 -0.0700 -0.9927
vn -0.1269 -0.0893 -0.9879
vn 0.0665 0.3364 0.9394
vn 0.1801 0.8222 0.5400
vn -0.0126 -0.0148 0.9998
vn -0.0016 -0.0517 -0.9987
vn -0.0814 0.3335 -0.9392
vn 0.0841 0.5187 0.8508
vn 0.1751 0.8016 0.5717
vn -0.0046 -0.0408 -0.9992
vn 0.2201 0.9755 0.0055
vn -0.0928 -0.0565 -0.9941
vn 0.1798 0.8208 0.5421
vn 0.1146 0.5449 0.8306
vn 0.0662 0.3355 0.9397
vn 0.0311 0.1816 0.9829
vn 0.0023 0.0552 0.9985
vn 0.1914 0.8243 -0.5329
vn 0.1325 0.5502 -0.8245
vn 0.0865 0.3414 -0.9359
vn 0.0523 0.1881 -0.9808
vn 0.0240 0.0615 -0.9978
vn -0.0238 -0.0608 0.9979
vn 0.0286 0.1884 -0.9817
vn -0.1924 -0.1472 0.9702
vn -0.0389 0.1936 0.9803
vn 0.1000 0.1525 0.9832
vn 0.0589 0.2173 -0.9743
vn 0.0294 -0.1252 -0.9917
vn 0.0440 0.5808 0.8129
vn 0.2695 0.1793 0.9462
vn -0.7765 -0.6300 -0.0078
vt 0.204522 0.730029
vt 0.189872 0.744679
vt 0.189872 0.730029
vt 0.204522 0.744679
vt 0.189872 0.759329
vt 0.204522 0.759329
vt 0.189872 0.773979
vt 0.204522 0.773979
vt 0.189872 0.788629
vt 0.204522 0.788629
vt 0.189872 0.803279
vt 0.204522 0.803279
vt 0.189872 0.817930
vt 0.204522 0.817930
vt 0.189872 0.832580
vt 0.204522 0.832580
vt 0.189872 0.847230
vt 0.204522 0.861880
vt 0.189872 0.861880
vt 0.204522 0.876530
vt 0.189872 0.876530
vt 0.204522 0.891181
vt 0.189872 0.891181
vt 0.204522 0.905831
vt 0.189872 0.905831
vt 0.204522 0.920481
vt 0.189872 0.920481
vt 0.204522 0.935131
vt 0.189872 0.935131
vt 0.165659 0.707349
vt 0.172216 0.740309
vt 0.139255 0.746866
vt 0.204522 0.949781
vt 0.189872 0.949781
vt 0.204522 0.964432
vt 0.189872 0.964432
vt 0.209009 0.746866
vt 0.241970 0.740309
vt 0.235413 0.707349
vt 0.145922 0.949781
vt 0.131243 0.964432
vt 0.131243 0.949781
vt 0.145922 0.935131
vt 0.131243 0.935131
vt 0.145922 0.920481
vt 0.131243 0.920481
vt 0.145922 0.905831
vt 0.131243 0.905831
vt 0.131243 0.891181
vt 0.131243 0.876530
vt 0.145922 0.891181
vt 0.131243 0.861880
vt 0.145922 0.876530
vt 0.131243 0.847230
vt 0.145922 0.861880
vt 0.131243 0.832580
vt 0.145922 0.847230
vt 0.131243 0.817930
vt 0.145922 0.832580
vt 0.131243 0.803279
vt 0.145922 0.817930
vt 0.131243 0.788629
vt 0.145922 0.803279
vt 0.145922 0.773979
vt 0.131243 0.773979
vt 0.145922 0.759329
vt 0.131243 0.759329
vt 0.145922 0.744679
vt 0.131243 0.744679
vt 0.145922 0.730029
vt 0.131243 0.730029
vt 0.160572 0.949781
vt 0.175222 0.964432
vt 0.160572 0.964432
vt 0.160572 0.935131
vt 0.175222 0.949781
vt 0.160572 0.920481
vt 0.175222 0.935131
vt 0.160572 0.905831
vt 0.175222 0.920481
vt 0.175222 0.891181
vt 0.160572 0.891181
vt 0.175222 0.876530
vt 0.160572 0.876530
vt 0.175222 0.861880
vt 0.160572 0.861880
vt 0.175222 0.847230
vt 0.160572 0.847230
vt 0.175222 0.832580
vt 0.160572 0.832580
vt 0.175222 0.817930
vt 0.160572 0.817930
vt 0.175222 0.803279
vt 0.160572 0.803279
vt 0.175222 0.788629
vt 0.160572 0.788629
vt 0.160572 0.773979
vt 0.160572 0.759329
vt 0.175222 0.773979
vt 0.160572 0.744679
vt 0.175222 0.759329
vt 0.160572 0.730029
vt 0.175222 0.744679
vt 0.116564 0.730029
vt 0.101942 0.744679
vt 0.101942 0.730029
vt 0.116564 0.744679
vt 0.101942 0.759329
vt 0.116564 0.759329
vt 0.101942 0.773979
vt 0.116564 0.773979
vt 0.101942 0.788629
vt 0.116564 0.803279
vt 0.101942 0.803279
vt 0.116564 0.817930
vt 0.101942 0.817930
vt 0.116564 0.832580
vt 0.101942 0.832580
vt 0.116564 0.847230
vt 0.101942 0.847230
vt 0.116564 0.861880
vt 0.101942 0.861880
vt 0.116564 0.876530
vt 0.101942 0.876530
vt 0.116564 0.891181
vt 0.101942 0.891181
vt 0.116564 0.905831
vt 0.101942 0.905831
vt 0.101942 0.920481
vt 0.116564 0.920481
vt 0.101942 0.935131
vt 0.116564 0.935131
vt 0.101942 0.949781
vt 0.116564 0.949781
vt 0.101942 0.964432
vt 0.175222 0.905831
vt 0.175222 0.730029
vt 0.145922 0.788629
vt 0.145922 0.964432
vt 0.116564 0.788629
vt 0.116564 0.964432
vt 0.087321 0.964432
vt 0.087321 0.949781
vt 0.087321 0.935131
vt 0.087321 0.920481
vt 0.087321 0.905831
vt 0.087321 0.891181
vt 0.087321 0.876530
vt 0.087321 0.861880
vt 0.087321 0.847230
vt 0.087321 0.832580
vt 0.087321 0.817930
vt 0.087321 0.803279
vt 0.087321 0.788629
vt 0.087321 0.773979
vt 0.087321 0.759329
vt 0.087321 0.744679
vt 0.087321 0.730029
vt 0.762435 0.910169
vt 0.778152 0.941604
vt 0.762435 0.941604
vt 0.762435 0.878733
vt 0.778152 0.847298
vt 0.778152 0.878733
vt 0.619593 0.939434
vt 0.600418 0.939434
vt 0.762435 0.752991
vt 0.770294 0.721556
vt 0.778152 0.752991
vt 0.770294 0.973039
vt 0.778152 0.910169
vt 0.793870 0.778338
vt 0.809588 0.752991
vt 0.809588 0.784427
vt 0.657225 0.873527
vt 0.657225 0.816463
vt 0.786011 0.721556
vt 0.793870 0.752991
vt 0.786011 0.973039
vt 0.793870 0.941604
vt 0.793870 0.878733
vt 0.793870 0.910169
vt 0.628423 0.750555
vt 0.591588 0.750555
vt 0.762435 0.784427
vt 0.778152 0.795396
vt 0.772921 0.815862
vt 0.793870 0.847298
vt 0.793870 0.804504
vt 0.798430 0.784427
vt 0.809588 0.815862
vt 0.809588 0.878733
vt 0.809588 0.910169
vt 0.562786 0.871189
vt 0.562786 0.818800
vt 0.809588 0.941604
vt 0.809588 0.847298
vt 0.793870 0.823406
vt 0.801729 0.721556
vt 0.801729 0.973039
vt 0.825306 0.910169
vt 0.825306 0.941604
vt 0.825306 0.847298
vt 0.825306 0.878733
vt 0.825306 0.784427
vt 0.825306 0.815862
vt 0.817447 0.721556
vt 0.825306 0.752991
vt 0.817447 0.973039
vt 0.841023 0.847298
vt 0.841023 0.878733
vt 0.841023 0.784427
vt 0.841023 0.815862
vt 0.833164 0.721556
vt 0.841023 0.752991
vt 0.833165 0.973039
vt 0.841023 0.941604
vt 0.841023 0.910169
vt 0.848882 0.973039
vt 0.856741 0.941604
vt 0.856741 0.878733
vt 0.856741 0.910169
vt 0.872459 0.776165
vt 0.888176 0.752991
vt 0.888176 0.784427
vt 0.865672 0.784427
vt 0.863528 0.784427
vt 0.856741 0.847298
vt 0.856741 0.775683
vt 0.850614 0.784427
vt 0.848882 0.721556
vt 0.856741 0.752991
vt 0.861935 0.815862
vt 0.867265 0.815862
vt 0.856741 0.792787
vt 0.852051 0.815862
vt 0.872459 0.910169
vt 0.872459 0.941604
vt 0.872459 0.847298
vt 0.872459 0.878733
vt 0.856741 0.824036
vt 0.864600 0.721556
vt 0.872459 0.752991
vt 0.864600 0.973039
vt 0.888177 0.910169
vt 0.888177 0.941604
vt 0.888177 0.878733
vt 0.872459 0.824087
vt 0.888176 0.815862
vt 0.888177 0.847298
vt 0.880318 0.721556
vt 0.880318 0.973039
vt 0.872459 0.792589
vt 0.872459 0.807700
vt 0.903894 0.815862
vt 0.896035 0.721556
vt 0.903894 0.752991
vt 0.896035 0.973039
vt 0.903894 0.941604
vt 0.903894 0.910169
vt 0.903894 0.847298
vt 0.903894 0.784427
vt 0.903894 0.878733
vt 0.911753 0.973039
vt 0.919612 0.941604
vt 0.919612 0.910169
vt 0.919612 0.847298
vt 0.919612 0.784427
vt 0.919612 0.878733
vt 0.919612 0.815862
vt 0.911753 0.721556
vt 0.919612 0.752991
vt 0.935330 0.784427
vt 0.935330 0.910169
vt 0.935330 0.941604
vt 0.935330 0.878733
vt 0.935330 0.815862
vt 0.927471 0.721556
vt 0.935330 0.752991
vt 0.927471 0.973039
vt 0.935330 0.847298
vt 0.951047 0.941604
vt 0.951047 0.878733
vt 0.951047 0.815862
vt 0.943188 0.721556
vt 0.951047 0.752991
vt 0.943188 0.973039
vt 0.951047 0.910169
vt 0.951047 0.847298
vt 0.951047 0.784427
vt 0.699564 0.752991
vt 0.707423 0.721556
vt 0.715282 0.752991
vt 0.707423 0.973039
vt 0.699564 0.941604
vt 0.715282 0.941604
vt 0.699564 0.878733
vt 0.715282 0.910169
vt 0.699564 0.910169
vt 0.699564 0.815862
vt 0.715282 0.847298
vt 0.699564 0.847298
vt 0.715282 0.784427
vt 0.699564 0.784427
vt 0.715282 0.878733
vt 0.715282 0.815862
vt 0.730999 0.910169
vt 0.730999 0.847298
vt 0.730999 0.752991
vt 0.730999 0.784427
vt 0.730999 0.941604
vt 0.730999 0.878733
vt 0.730999 0.815862
vt 0.723140 0.721556
vt 0.723141 0.973039
vt 0.746717 0.941604
vt 0.746717 0.878733
vt 0.746717 0.784427
vt 0.746717 0.815862
vt 0.738858 0.721556
vt 0.746717 0.752991
vt 0.738858 0.973039
vt 0.746717 0.910169
vt 0.746717 0.847298
vt 0.762435 0.815862
vt 0.754576 0.721556
vt 0.754576 0.973039
vt 0.762435 0.847298
vt 0.856741 0.807503
vt 0.879865 0.784427
vt 0.653817 0.933000
vt 0.653817 0.932999
vt 0.778152 0.778576
vt 0.772550 0.784427
vt 0.778152 0.823453
vt 0.789077 0.815862
vt 0.436748 0.912174
vt 0.436748 0.889212
vt 0.461277 0.906400
vt 0.856741 0.813501
vt 0.872459 0.786294
vt 0.870604 0.815862
vt 0.878127 0.815862
vt 0.857376 0.785243
vt 0.856741 0.784427
vt 0.856741 0.815862
vt 0.857273 0.815046
vt 0.871833 0.785224
vt 0.872459 0.784427
vt 0.871934 0.815065
vt 0.872459 0.815862
vt 0.484418 0.906455
vt 0.484418 0.889212
vt 0.498912 0.903090
vt 0.778152 0.811815
vt 0.793870 0.787723
vt 0.522053 0.905138
vt 0.522053 0.889212
vt 0.542964 0.901210
vt 0.562786 0.750555
vt 0.565770 0.757218
vt 0.566259 0.932771
vt 0.562786 0.939434
vt 0.657225 0.939434
vt 0.657225 0.750555
vt 0.654296 0.756990
vt 0.787607 0.784427
vt 0.591588 0.750556
vt 0.628423 0.750556
vt 0.327599 0.730029
vt 0.313593 0.744034
vt 0.313593 0.730029
vt 0.327599 0.744034
vt 0.313593 0.758039
vt 0.327599 0.758039
vt 0.313593 0.772045
vt 0.327599 0.772045
vt 0.313593 0.786050
vt 0.327599 0.786050
vt 0.313593 0.800055
vt 0.327599 0.800055
vt 0.313593 0.814061
vt 0.327599 0.814061
vt 0.313593 0.828066
vt 0.327599 0.828066
vt 0.313593 0.842071
vt 0.327599 0.842071
vt 0.313593 0.856077
vt 0.327599 0.856077
vt 0.313593 0.870082
vt 0.327599 0.870082
vt 0.313593 0.884087
vt 0.327599 0.884087
vt 0.313593 0.898093
vt 0.327599 0.898093
vt 0.313593 0.912098
vt 0.327599 0.912098
vt 0.313593 0.926104
vt 0.295972 0.703801
vt 0.314222 0.731113
vt 0.286909 0.749364
vt 0.327599 0.926104
vt 0.313593 0.940109
vt 0.327599 0.940109
vt 0.313593 0.954114
vt 0.278536 0.814599
vt 0.310754 0.808191
vt 0.304345 0.775973
vt 0.271577 0.940109
vt 0.257572 0.954114
vt 0.257572 0.940109
vt 0.271577 0.926104
vt 0.257572 0.926104
vt 0.271577 0.912098
vt 0.257572 0.912098
vt 0.257572 0.898093
vt 0.271577 0.884087
vt 0.257572 0.884087
vt 0.271577 0.870082
vt 0.257572 0.870082
vt 0.271577 0.856077
vt 0.257572 0.856077
vt 0.271577 0.842071
vt 0.257572 0.842071
vt 0.271577 0.828066
vt 0.257572 0.828066
vt 0.271577 0.814061
vt 0.257572 0.814061
vt 0.271577 0.800055
vt 0.257572 0.800055
vt 0.271577 0.786050
vt 0.257572 0.786050
vt 0.271577 0.772045
vt 0.257572 0.772045
vt 0.271577 0.758039
vt 0.257572 0.758039
vt 0.271577 0.744034
vt 0.257572 0.744034
vt 0.271577 0.730029
vt 0.257572 0.730029
vt 0.285582 0.940109
vt 0.299588 0.954114
vt 0.285582 0.954114
vt 0.285582 0.926104
vt 0.299588 0.940109
vt 0.285582 0.912098
vt 0.299588 0.926104
vt 0.285582 0.898093
vt 0.299588 0.912098
vt 0.285582 0.884087
vt 0.299588 0.898093
vt 0.285582 0.870082
vt 0.299588 0.884087
vt 0.285582 0.856077
vt 0.299588 0.870082
vt 0.285582 0.842071
vt 0.299588 0.856077
vt 0.299588 0.828066
vt 0.285582 0.828066
vt 0.299588 0.814061
vt 0.285582 0.814061
vt 0.299588 0.800055
vt 0.285582 0.800055
vt 0.299588 0.786050
vt 0.285582 0.786050
vt 0.299588 0.772045
vt 0.285582 0.772045
vt 0.299588 0.758039
vt 0.285582 0.758039
vt 0.299588 0.744034
vt 0.285582 0.744034
vt 0.299588 0.730029
vt 0.285582 0.730029
vt 0.229561 0.730029
vt 0.243566 0.744034
vt 0.229561 0.744034
vt 0.243566 0.758039
vt 0.229561 0.758039
vt 0.243566 0.772045
vt 0.229561 0.772045
vt 0.243566 0.786050
vt 0.229561 0.786050
vt 0.243566 0.800055
vt 0.229561 0.800055
vt 0.243566 0.814061
vt 0.229561 0.814061
vt 0.243566 0.828066
vt 0.229561 0.828066
vt 0.243566 0.842071
vt 0.229561 0.842071
vt 0.229561 0.856077
vt 0.243566 0.856077
vt 0.229561 0.870082
vt 0.243566 0.870082
vt 0.229561 0.884087
vt 0.243566 0.884087
vt 0.229561 0.898093
vt 0.243566 0.898093
vt 0.229561 0.912098
vt 0.243566 0.912098
vt 0.229561 0.926104
vt 0.243566 0.926104
vt 0.229561 0.940109
vt 0.243566 0.940109
vt 0.229561 0.954114
vt 0.243566 0.730029
vt 0.243566 0.954114
vt 0.271577 0.898093
vt 0.271577 0.954114
vt 0.299588 0.842071
vt 0.215556 0.940109
vt 0.215556 0.954114
vt 0.215556 0.926104
vt 0.215556 0.912098
vt 0.215556 0.898093
vt 0.215556 0.884087
vt 0.215556 0.870082
vt 0.215556 0.856077
vt 0.215556 0.842071
vt 0.215556 0.828066
vt 0.215556 0.814061
vt 0.215556 0.800055
vt 0.215556 0.786050
vt 0.215556 0.772045
vt 0.215556 0.758039
vt 0.215556 0.744034
vt 0.215556 0.730029
vt 0.476564 0.170545
vt 0.496042 0.151282
vt 0.496178 0.170780
vt 0.526020 0.151797
vt 0.526141 0.171635
vt 0.567891 0.152286
vt 0.568173 0.172241
vt 0.620002 0.152625
vt 0.620440 0.172627
vt 0.646371 0.152640
vt 0.678990 0.173063
vt 0.739966 0.173476
vt 0.802426 0.189958
vt 0.740341 0.193447
vt 0.682213 0.334126
vt 0.742717 0.313982
vt 0.742933 0.334964
vt 0.216368 0.322930
vt 0.277161 0.340793
vt 0.216794 0.343558
vt 0.276759 0.320149
vt 0.311483 0.339260
vt 0.212700 0.163665
vt 0.273683 0.180708
vt 0.213115 0.183608
vt 0.273235 0.160765
vt 0.331991 0.177910
vt 0.331558 0.157966
vt 0.383923 0.175487
vt 0.383523 0.155566
vt 0.426071 0.173649
vt 0.158215 0.325625
vt 0.158645 0.346248
vt 0.425571 0.153753
vt 0.456560 0.172071
vt 0.455770 0.152248
vt 0.642215 0.333790
vt 0.681884 0.313302
vt 0.531606 0.412527
vt 0.573230 0.393090
vt 0.573531 0.412929
vt 0.625229 0.413487
vt 0.683269 0.406109
vt 0.661930 0.393317
vt 0.200328 0.404305
vt 0.218108 0.421957
vt 0.159986 0.424897
vt 0.388092 0.395571
vt 0.430207 0.413593
vt 0.388328 0.415299
vt 0.336375 0.397246
vt 0.336642 0.417155
vt 0.278218 0.399649
vt 0.278516 0.419515
vt 0.217906 0.402062
vt 0.744090 0.414177
vt 0.801903 0.405477
vt 0.802271 0.425419
vt 0.624446 0.373533
vt 0.687378 0.379329
vt 0.376658 0.267420
vt 0.385351 0.254713
vt 0.420063 0.243033
vt 0.456675 0.233025
vt 0.426747 0.233176
vt 0.385070 0.235195
vt 0.333319 0.237720
vt 0.333801 0.257753
vt 0.275055 0.240518
vt 0.275503 0.260440
vt 0.263777 0.241066
vt 0.215111 0.263287
vt 0.154771 0.186229
vt 0.680502 0.252961
vt 0.725236 0.233281
vt 0.726161 0.252964
vt 0.621944 0.252795
vt 0.680080 0.232993
vt 0.570064 0.251939
vt 0.621574 0.232670
vt 0.534728 0.241692
vt 0.569494 0.232350
vt 0.527654 0.232095
vt 0.497558 0.233030
vt 0.579326 0.264303
vt 0.682498 0.354913
vt 0.277575 0.361429
vt 0.336085 0.378104
vt 0.277926 0.380548
vt 0.743551 0.374820
vt 0.801390 0.367172
vt 0.801646 0.386323
vt 0.743280 0.355642
vt 0.429906 0.393604
vt 0.460523 0.412598
vt 0.622344 0.272796
vt 0.622775 0.292865
vt 0.680977 0.272890
vt 0.730770 0.276658
vt 0.748734 0.232317
vt 0.157380 0.285874
vt 0.215954 0.303051
vt 0.157798 0.305750
vt 0.215536 0.283169
vt 0.276353 0.300252
vt 0.275936 0.280349
vt 0.334684 0.297584
vt 0.583376 0.381423
vt 0.624046 0.354389
vt 0.457779 0.192678
vt 0.476927 0.213613
vt 0.457038 0.213184
vt 0.426496 0.193544
vt 0.426667 0.213530
vt 0.384311 0.195386
vt 0.384685 0.215272
vt 0.332424 0.197848
vt 0.332863 0.217784
vt 0.274134 0.200653
vt 0.274593 0.220583
vt 0.213533 0.203574
vt 0.214064 0.223541
vt 0.185031 0.215882
vt 0.679740 0.213014
vt 0.679362 0.193036
vt 0.621191 0.212642
vt 0.568981 0.212316
vt 0.620805 0.192609
vt 0.527058 0.212434
vt 0.568403 0.192271
vt 0.487152 0.192377
vt 0.496373 0.199885
vt 0.684186 0.453509
vt 0.744429 0.434095
vt 0.744774 0.454019
vt 0.802630 0.445348
vt 0.802986 0.465278
vt 0.243866 0.460658
vt 0.278815 0.439354
vt 0.279114 0.459214
vt 0.337187 0.456888
vt 0.336912 0.437029
vt 0.388857 0.454912
vt 0.388589 0.435093
vt 0.430739 0.453306
vt 0.430476 0.433463
vt 0.460981 0.452284
vt 0.460745 0.432447
vt 0.481407 0.451833
vt 0.219139 0.481533
vt 0.161045 0.483601
vt 0.625922 0.453141
vt 0.683818 0.433573
vt 0.574104 0.452607
vt 0.625579 0.433289
vt 0.532140 0.452130
vt 0.573823 0.432766
vt 0.501864 0.451841
vt 0.531887 0.432319
vt 0.501657 0.432050
vt 0.698113 0.391553
vt 0.217217 0.364177
vt 0.377519 0.384373
vt 0.531278 0.392665
vt 0.501450 0.412342
vt 0.218519 0.441836
vt 0.481196 0.431999
vt 0.143300 0.437582
vt 0.481629 0.471645
vt 0.502080 0.471648
vt 0.532376 0.471955
vt 0.574372 0.472466
vt 0.626251 0.473024
vt 0.684544 0.473433
vt 0.461221 0.472100
vt 0.431006 0.473131
vt 0.389131 0.474742
vt 0.337465 0.476735
vt 0.279412 0.479066
vt 0.745121 0.473949
vt 0.159075 0.366870
vt 0.335772 0.358946
vt 0.773524 0.348110
vt 0.721863 0.297771
vt 0.641792 0.313110
vt 0.157190 0.276854
vt 0.334256 0.277648
vt 0.476954 0.233102
vt 0.155148 0.206137
vt 0.506519 0.192357
vt 0.810459 0.315269
vt 0.204522 0.847230
vt 0.132699 0.740309
vt 0.129150 0.731743
vt 0.129150 0.722471
vt 0.132699 0.713905
vt 0.139255 0.707349
vt 0.147821 0.703800
vt 0.157093 0.703800
vt 0.172216 0.713905
vt 0.175764 0.722471
vt 0.175764 0.731743
vt 0.165659 0.746866
vt 0.157093 0.750414
vt 0.147821 0.750414
vt 0.226847 0.703800
vt 0.217575 0.703800
vt 0.209009 0.707349
vt 0.202453 0.713905
vt 0.198905 0.722471
vt 0.198905 0.731743
vt 0.202453 0.740309
vt 0.217575 0.750414
vt 0.226847 0.750414
vt 0.235413 0.746866
vt 0.245518 0.731743
vt 0.245518 0.722471
vt 0.241970 0.713905
vt 0.778152 0.804893
vt 0.798198 0.815862
vt 0.793870 0.795785
vt 0.782946 0.815862
vt 0.436748 0.925438
vt 0.436748 0.907075
vt 0.856741 0.816159
vt 0.872459 0.782640
vt 0.871321 0.815862
vt 0.484418 0.918606
vt 0.484418 0.899062
vt 0.778152 0.813014
vt 0.793870 0.784323
vt 0.522053 0.914499
vt 0.522053 0.901331
vt 0.784416 0.784427
vt 0.278536 0.745895
vt 0.272127 0.739487
vt 0.268659 0.731114
vt 0.268659 0.722051
vt 0.272127 0.713678
vt 0.278536 0.707269
vt 0.286909 0.703801
vt 0.304345 0.707269
vt 0.310754 0.713677
vt 0.314222 0.722050
vt 0.310754 0.739487
vt 0.304345 0.745895
vt 0.295972 0.749364
vt 0.327599 0.954114
vt 0.295972 0.772505
vt 0.286909 0.772505
vt 0.278536 0.775973
vt 0.272127 0.782381
vt 0.268659 0.790755
vt 0.268659 0.799818
vt 0.272127 0.808191
vt 0.286909 0.818068
vt 0.295972 0.818068
vt 0.304345 0.814599
vt 0.314222 0.799818
vt 0.314222 0.790755
vt 0.310754 0.782381
vt 0.476018 0.151329
vt 0.481024 0.412076
s 1
usemtl マテリアル
f 2/1/1 82/2/2 81/3/3
f 4/4/4 83/5/5 82/2/2
f 6/6/6 84/7/7 83/5/5
f 8/8/8 85/9/9 84/7/7
f 10/10/10 86/11/11 85/9/9
f 12/12/12 87/13/13 86/11/11
f 14/14/14 88/15/15 87/13/13
f 16/16/16 89/17/17 88/15/15
f 89/17/17 20/18/18 90/19/19
f 90/19/19 22/20/20 91/21/21
f 91/21/21 24/22/22 92/23/23
f 92/23/23 26/24/24 93/25/25
f 93/25/25 28/26/26 94/27/27
f 94/27/27 30/28/28 95/29/29
f 22/30/20 14/31/14 6/32/6
f 95/29/29 32/33/30 96/34/31
f 96/34/31 2/35/1 81/36/3
f 15/37/32 23/38/33 31/39/34
f 48/40/35 113/41/36 128/42/37
f 47/43/38 128/42/37 127/44/39
f 46/45/40 127/44/39 126/46/41
f 45/47/42 126/46/41 125/48/43
f 124/49/44 45/47/42 125/48/43
f 123/50/45 44/51/46 124/49/44
f 122/52/47 43/53/48 123/50/45
f 121/54/49 42/55/50 122/52/47
f 120/56/51 41/57/52 121/54/49
f 119/58/53 40/59/54 120/56/51
f 118/60/55 39/61/56 119/58/53
f 117/62/57 38/63/58 118/60/55
f 36/64/59 117/62/57 116/65/60
f 35/66/61 116/65/60 115/67/62
f 34/68/63 115/67/62 114/69/64
f 33/70/65 114/69/64 113/71/36
f 111/72/66 49/73/67 112/74/68
f 110/75/69 64/76/70 111/72/66
f 109/77/71 63/78/72 110/75/69
f 108/79/73 62/80/74 109/77/71
f 60/81/75 108/79/73 107/82/76
f 59/83/77 107/82/76 106/84/78
f 58/85/79 106/84/78 105/86/80
f 57/87/81 105/86/80 104/88/82
f 56/89/83 104/88/82 103/90/84
f 55/91/85 103/90/84 102/92/86
f 54/93/87 102/92/86 101/94/88
f 53/95/89 101/94/88 100/96/90
f 99/97/91 53/95/89 100/96/90
f 98/98/92 52/99/93 99/97/91
f 97/100/94 51/101/95 98/98/92
f 112/102/68 50/103/96 97/100/94
f 80/104/97 129/105/98 144/106/99
f 65/107/100 130/108/101 129/105/98
f 66/109/102 131/110/103 130/108/101
f 67/111/104 132/112/105 131/110/103
f 132/112/105 69/113/106 133/114/107
f 133/114/107 70/115/108 134/116/109
f 134/116/109 71/117/110 135/118/111
f 135/118/111 72/119/112 136/120/113
f 136/120/113 73/121/114 137/122/115
f 137/122/115 74/123/116 138/124/117
f 138/124/117 75/125/118 139/126/119
f 139/126/119 76/127/120 140/128/121
f 76/127/120 141/129/122 140/128/121
f 77/130/123 142/131/124 141/129/122
f 78/132/125 143/133/126 142/131/124
f 79/134/127 144/135/99 143/133/126
f 96/34/31 49/73/67 64/76/70
f 95/29/29 64/76/70 63/78/72
f 94/27/27 63/78/72 62/80/74
f 61/136/128 94/27/27 62/80/74
f 60/81/75 93/25/25 61/136/128
f 59/83/77 92/23/23 60/81/75
f 58/85/79 91/21/21 59/83/77
f 57/87/81 90/19/19 58/85/79
f 56/89/83 89/17/17 57/87/81
f 55/91/85 88/15/15 56/89/83
f 54/93/87 87/13/13 55/91/85
f 85/9/9 54/93/87 53/95/89
f 84/7/7 53/95/89 52/99/93
f 83/5/5 52/99/93 51/101/95
f 82/2/2 51/101/95 50/103/96
f 81/3/3 50/103/96 49/137/67
f 33/70/65 97/100/94 34/68/63
f 34/68/63 98/98/92 35/66/61
f 35/66/61 99/97/91 36/64/59
f 36/64/59 100/96/90 37/138/129
f 37/138/129 101/94/88 38/63/58
f 101/94/88 39/61/56 38/63/58
f 102/92/86 40/59/54 39/61/56
f 103/90/84 41/57/52 40/59/54
f 104/88/82 42/55/50 41/57/52
f 105/86/80 43/53/48 42/55/50
f 106/84/78 44/51/46 43/53/48
f 107/82/76 45/47/42 44/51/46
f 108/79/73 46/45/40 45/47/42
f 46/45/40 110/75/69 47/43/38
f 47/43/38 111/72/66 48/40/35
f 48/40/35 112/74/68 33/139/65
f 80/104/97 114/69/64 65/107/100
f 65/107/100 115/67/62 66/109/102
f 66/109/102 116/65/60 67/111/104
f 116/65/60 68/140/130 67/111/104
f 117/62/57 69/113/106 68/140/130
f 118/60/55 70/115/108 69/113/106
f 119/58/53 71/117/110 70/115/108
f 120/56/51 72/119/112 71/117/110
f 121/54/49 73/121/114 72/119/112
f 122/52/47 74/123/116 73/121/114
f 123/50/45 75/125/118 74/123/116
f 75/125/118 125/48/43 76/127/120
f 76/127/120 126/46/41 77/130/123
f 77/130/123 127/44/39 78/132/125
f 78/132/125 128/42/37 79/134/127
f 79/134/127 113/41/36 80/141/97
f 143/133/126 1/142/131 31/143/34
f 142/131/124 31/143/34 29/144/132
f 141/129/122 29/144/132 27/145/133
f 140/128/121 27/145/133 25/146/134
f 139/126/119 25/146/134 23/147/33
f 138/124/117 23/147/33 21/148/135
f 137/122/115 21/148/135 19/149/136
f 136/120/113 19/149/136 17/150/137
f 135/118/111 17/150/137 15/151/32
f 134/116/109 15/151/32 13/152/138
f 133/114/107 13/152/138 11/153/139
f 132/112/105 11/153/139 9/154/140
f 131/110/103 9/154/140 7/155/141
f 130/108/101 7/155/141 5/156/142
f 129/105/98 5/156/142 3/157/143
f 1/158/131 129/105/98 3/157/143
f 254/159/144 155/160/145 148/161/146
f 147/162/147 152/163/148 153/164/149
f 315/165/150 341/166/151 336/165/152
f 252/167/153 202/168/154 149/169/155
f 201/170/156 148/161/146 155/160/145
f 254/159/144 153/164/149 154/171/157
f 327/172/158 163/173/159 164/174/160
f 316/175/161 339/176/162 320/176/163
f 149/169/155 202/177/154 156/178/164
f 201/179/156 155/160/145 162/180/165
f 154/171/157 160/181/166 161/182/167
f 321/183/168 345/184/169 330/184/170
f 253/185/171 316/186/161 323/187/172
f 154/171/157 162/180/165 155/160/145
f 153/164/149 159/188/173 160/181/166
f 331/189/174 328/190/175 165/191/176
f 161/182/167 167/192/177 168/193/178
f 338/183/179 258/184/180 345/184/169
f 325/194/181 344/195/182 342/194/183
f 162/180/165 168/193/178 169/196/184
f 160/181/166 166/197/185 167/192/177
f 333/198/186 165/191/176 166/197/185
f 156/178/164 202/199/154 163/173/159
f 201/200/156 162/180/165 169/196/184
f 169/196/184 175/201/187 176/202/188
f 167/192/177 173/203/189 174/204/190
f 165/191/176 171/205/191 172/206/192
f 163/173/159 202/207/154 170/208/193
f 201/209/156 169/196/184 176/202/188
f 168/193/178 174/204/190 175/201/187
f 166/197/185 172/206/192 173/203/189
f 164/174/160 170/208/193 171/205/191
f 174/204/190 180/210/194 181/211/195
f 172/206/192 178/212/196 179/213/197
f 170/208/193 202/214/154 177/215/198
f 201/216/156 176/202/188 183/217/199
f 175/201/187 181/211/195 182/218/200
f 173/203/189 179/213/197 180/210/194
f 171/205/191 177/215/198 178/212/196
f 176/202/188 182/218/200 183/217/199
f 201/219/156 183/217/199 188/220/201
f 182/218/200 186/221/202 187/222/203
f 271/223/204 194/224/205 195/225/206
f 270/226/207 280/227/208 259/227/209
f 183/217/199 187/222/203 188/220/201
f 181/211/195 185/228/210 186/221/202
f 177/215/198 262/229/211 261/230/212
f 177/215/198 202/231/154 184/232/213
f 265/233/214 289/234/215 274/234/216
f 178/212/196 260/235/217 267/236/218
f 188/220/201 192/237/219 193/238/220
f 186/221/202 190/239/221 191/240/222
f 266/241/223 274/234/216 190/239/221
f 184/232/213 202/242/154 189/243/224
f 201/244/156 188/220/201 193/238/220
f 187/222/203 191/240/222 192/237/219
f 193/238/220 199/245/225 200/246/226
f 190/239/221 198/247/227 191/240/222
f 277/248/228 196/249/229 197/250/230
f 189/243/224 202/251/154 194/224/205
f 201/252/156 193/238/220 200/246/226
f 191/240/222 199/245/225 192/237/219
f 280/227/208 297/226/231 292/227/232
f 269/253/233 288/254/234 286/253/235
f 195/225/206 205/255/236 196/249/229
f 194/224/205 202/256/154 203/257/237
f 201/258/156 200/246/226 209/259/238
f 198/247/227 208/260/239 199/245/225
f 196/249/229 206/261/240 197/250/230
f 194/224/205 204/262/241 195/225/206
f 199/245/225 209/259/238 200/246/226
f 197/250/230 207/263/242 198/247/227
f 201/264/156 209/259/238 216/265/243
f 207/263/242 215/266/244 208/260/239
f 205/255/236 213/267/245 206/261/240
f 203/257/237 211/268/246 204/262/241
f 209/259/238 215/266/244 216/265/243
f 206/261/240 214/269/247 207/263/242
f 204/262/241 212/270/248 205/255/236
f 203/257/237 202/271/154 210/272/249
f 210/272/249 218/273/250 211/268/246
f 216/265/243 222/274/251 223/275/252
f 213/267/245 221/276/253 214/269/247
f 211/268/246 219/277/254 212/270/248
f 210/272/249 202/278/154 217/279/255
f 201/280/156 216/265/243 223/275/252
f 214/269/247 222/274/251 215/266/244
f 212/270/248 220/281/256 213/267/245
f 222/274/251 230/282/257 223/275/252
f 220/281/256 228/283/258 221/276/253
f 218/273/250 226/284/259 219/277/254
f 217/279/255 202/285/154 224/286/260
f 201/287/156 223/275/252 230/282/257
f 221/276/253 229/288/261 222/274/251
f 219/277/254 227/289/262 220/281/256
f 217/279/255 225/290/263 218/273/250
f 224/291/260 202/292/154 231/293/264
f 201/294/156 230/295/257 237/296/265
f 228/297/258 236/298/266 229/299/261
f 226/300/259 234/301/267 227/302/262
f 224/291/260 232/303/268 225/304/263
f 229/299/261 237/296/265 230/295/257
f 227/302/262 235/305/269 228/297/258
f 225/304/263 233/306/270 226/300/259
f 235/305/269 243/307/271 236/298/266
f 233/306/270 241/308/272 234/301/267
f 232/303/268 238/309/273 239/310/274
f 236/298/266 244/311/275 237/296/265
f 234/301/267 242/312/276 235/305/269
f 232/303/268 240/313/277 233/306/270
f 231/293/264 202/314/154 238/309/273
f 201/315/156 237/296/265 244/311/275
f 243/307/271 251/316/278 244/311/275
f 241/308/272 249/317/279 242/312/276
f 240/313/277 246/318/280 247/319/281
f 238/309/273 202/320/154 245/321/282
f 201/322/156 244/311/275 251/316/278
f 242/312/276 250/323/283 243/307/271
f 240/313/277 248/324/284 241/308/272
f 239/310/274 245/321/282 246/318/280
f 248/324/284 147/162/147 249/317/279
f 247/319/281 253/185/171 145/325/285
f 245/321/282 202/326/154 252/167/153
f 201/327/156 251/316/278 148/161/146
f 249/317/279 254/159/144 250/323/283
f 247/319/281 146/328/286 248/324/284
f 246/318/280 252/167/153 253/185/171
f 250/323/283 148/161/146 251/316/278
f 260/235/217 283/329/287 264/329/288
f 179/213/197 266/241/223 185/228/210
f 275/254/289 272/330/290 196/249/229
f 151/331/291 356/165/292 357/332/293
f 252/167/153 318/333/294 317/334/295
f 322/335/296 330/336/170 159/188/173
f 145/325/285 322/335/296 152/163/148
f 263/337/297 261/338/212 262/339/211
f 268/340/298 266/241/223 267/236/218
f 273/341/299 271/223/204 272/330/290
f 278/342/300 276/343/301 277/248/228
f 259/227/209 281/344/302 263/345/297
f 263/345/297 279/235/303 260/235/217
f 282/233/304 268/346/298 284/347/305
f 284/347/305 264/329/288 283/329/287
f 269/253/233 287/348/306 273/349/299
f 273/349/299 285/226/307 270/226/207
f 275/254/289 290/350/308 288/254/234
f 278/351/300 289/234/215 290/350/308
f 262/229/211 189/243/224 270/226/207
f 293/344/309 303/227/310 304/344/311
f 285/226/307 299/348/312 297/226/231
f 281/344/302 291/235/313 279/235/303
f 283/329/287 291/235/313 295/329/314
f 286/253/235 300/254/315 298/253/316
f 289/234/215 294/233/317 301/234/318
f 287/348/306 298/253/316 299/348/312
f 280/227/208 293/344/309 281/344/302
f 290/350/308 301/234/318 302/350/319
f 283/329/287 296/347/320 284/347/305
f 290/350/308 300/254/315 288/254/234
f 284/347/305 294/233/317 282/233/304
f 305/235/321 310/348/322 314/234/323
f 301/234/318 312/350/324 302/350/319
f 299/348/312 309/253/325 310/348/322
f 300/254/315 309/253/325 298/253/316
f 293/344/309 305/235/321 291/235/313
f 297/226/231 303/227/310 292/227/232
f 297/226/231 310/348/322 311/226/326
f 296/347/320 307/233/327 294/233/317
f 291/235/313 308/329/328 295/329/314
f 300/254/315 312/350/324 313/254/329
f 295/329/314 306/347/330 296/347/320
f 294/233/317 314/234/323 301/234/318
f 319/352/331 317/353/295 318/354/294
f 324/355/332 322/335/296 323/187/172
f 329/356/333 327/172/158 328/190/175
f 334/357/334 332/358/335 333/359/186
f 345/184/169 334/360/334 330/184/170
f 346/361/336 331/195/174 334/360/334
f 326/166/337 343/362/338 341/166/151
f 329/363/333 342/194/183 343/362/338
f 335/175/339 319/364/331 337/331/340
f 337/331/340 315/165/150 336/165/152
f 338/183/179 324/365/332 340/366/341
f 340/366/341 320/176/163 339/176/162
f 318/333/294 156/178/164 326/367/337
f 346/361/336 258/184/180 257/361/342
f 339/176/162 348/366/343 340/366/341
f 343/362/338 157/194/344 255/362/345
f 340/366/341 349/183/346 338/183/179
f 341/166/151 255/362/345 158/166/347
f 336/165/152 158/166/347 347/165/348
f 337/331/340 347/165/348 151/331/291
f 344/195/182 257/361/342 256/195/349
f 335/175/339 350/176/350 339/176/162
f 337/331/340 150/175/351 335/175/339
f 342/194/183 256/195/349 157/194/344
f 356/165/292 370/166/352 368/165/353
f 255/362/345 359/194/354 360/362/355
f 157/194/344 362/195/356 359/194/354
f 348/366/343 351/183/357 349/183/346
f 151/331/291 353/175/358 150/175/351
f 347/165/348 358/166/359 356/165/292
f 257/361/342 352/368/360 361/361/361
f 350/176/350 355/366/362 348/366/343
f 349/183/346 352/368/360 258/184/180
f 256/195/349 361/361/361 362/195/356
f 150/175/351 354/176/363 350/176/350
f 158/166/347 360/362/355 358/166/359
f 365/175/364 372/362/365 364/184/366
f 359/194/354 374/195/367 371/194/368
f 353/175/358 366/176/369 354/176/363
f 358/166/359 372/362/365 370/166/352
f 360/362/355 371/194/368 372/362/365
f 355/366/362 363/369/370 351/183/357
f 357/332/293 365/175/364 353/175/358
f 352/368/360 373/361/371 361/361/361
f 356/165/292 369/332/372 357/332/293
f 354/176/363 367/366/373 355/366/362
f 351/183/357 364/184/366 352/368/360
f 362/195/356 373/361/371 374/195/367
f 376/370/374 488/371/375 487/372/376
f 378/373/377 489/374/378 488/371/375
f 380/375/379 490/376/380 489/374/378
f 382/377/381 491/378/382 490/376/380
f 384/379/383 492/380/384 491/378/382
f 386/381/385 493/382/386 492/380/384
f 388/383/387 494/384/388 493/382/386
f 390/385/389 495/386/390 494/384/388
f 392/387/391 496/388/392 495/386/390
f 394/389/393 497/390/394 496/388/392
f 396/391/395 498/392/396 497/390/394
f 398/393/397 499/394/398 498/392/396
f 400/395/399 500/396/400 499/394/398
f 402/397/401 501/398/402 500/396/400
f 396/399/395 388/400/387 380/401/379
f 404/402/403 502/403/404 501/398/402
f 406/404/405 487/405/376 502/403/404
f 389/406/406 397/407/407 405/408/408
f 422/409/409 455/410/410 470/411/411
f 421/412/412 470/411/411 469/413/413
f 420/414/414 469/413/413 468/415/415
f 467/416/416 420/414/414 468/415/415
f 418/417/417 467/416/416 466/418/418
f 417/419/419 466/418/418 465/420/420
f 416/421/421 465/420/420 464/422/422
f 415/423/423 464/422/422 463/424/424
f 414/425/425 463/424/424 462/426/426
f 413/427/427 462/426/426 461/428/428
f 412/429/429 461/428/428 460/430/430
f 411/431/431 460/430/430 459/432/432
f 410/433/433 459/432/432 458/434/434
f 409/435/435 458/434/434 457/436/436
f 408/437/437 457/436/436 456/438/438
f 407/439/439 456/438/438 455/440/410
f 485/441/440 423/442/441 486/443/442
f 484/444/443 438/445/444 485/441/440
f 483/446/445 437/447/446 484/444/443
f 482/448/447 436/449/448 483/446/445
f 481/450/449 435/451/450 482/448/447
f 480/452/451 434/453/452 481/450/449
f 479/454/453 433/455/454 480/452/451
f 478/456/455 432/457/456 479/454/453
f 430/458/457 478/456/455 477/459/458
f 429/460/459 477/459/458 476/461/460
f 428/462/461 476/461/460 475/463/462
f 427/464/463 475/463/462 474/465/464
f 426/466/465 474/465/464 473/467/466
f 425/468/467 473/467/466 472/469/468
f 424/470/469 472/469/468 471/471/470
f 423/472/441 471/471/470 486/473/442
f 518/474/471 439/475/472 503/476/473
f 503/476/473 440/477/474 504/478/475
f 504/478/475 441/479/476 505/480/477
f 505/480/477 442/481/478 506/482/479
f 506/482/479 443/483/480 507/484/481
f 507/484/481 444/485/482 508/486/483
f 508/486/483 445/487/484 509/488/485
f 509/488/485 446/489/486 510/490/487
f 446/489/486 511/491/488 510/490/487
f 447/492/489 512/493/490 511/491/488
f 448/494/491 513/495/492 512/493/490
f 449/496/493 514/497/494 513/495/492
f 450/498/495 515/499/496 514/497/494
f 451/500/497 516/501/498 515/499/496
f 452/502/499 517/503/500 516/501/498
f 453/504/501 518/505/471 517/503/500
f 455/440/410 439/475/472 454/506/502
f 456/438/438 440/477/474 439/475/472
f 457/436/436 441/479/476 440/477/474
f 458/434/434 442/481/478 441/479/476
f 459/432/432 443/483/480 442/481/478
f 460/430/430 444/485/482 443/483/480
f 461/428/428 445/487/484 444/485/482
f 462/426/426 446/489/486 445/487/484
f 446/489/486 464/422/422 447/492/489
f 447/492/489 465/420/420 448/494/491
f 448/494/491 466/418/418 449/496/493
f 449/496/493 467/416/416 450/498/495
f 450/498/495 468/415/415 451/500/497
f 451/500/497 469/413/413 452/502/499
f 452/502/499 470/411/411 453/504/501
f 453/504/501 455/410/410 454/507/502
f 486/473/442 408/437/437 407/439/439
f 471/471/470 409/435/435 408/437/437
f 472/469/468 410/433/433 409/435/435
f 473/467/466 411/431/431 410/433/433
f 474/465/464 412/429/429 411/431/431
f 475/463/462 413/427/427 412/429/429
f 476/461/460 414/425/425 413/427/427
f 477/459/458 415/423/423 414/425/425
f 415/423/423 479/454/453 416/421/421
f 416/421/421 480/452/451 417/419/419
f 417/419/419 481/450/449 418/417/417
f 418/417/417 482/448/447 419/508/503
f 419/508/503 483/446/445 420/414/414
f 420/414/414 484/444/443 421/412/412
f 421/412/412 485/441/440 422/409/409
f 422/409/409 486/443/442 407/509/439
f 502/403/404 423/442/441 438/445/444
f 501/398/402 438/445/444 437/447/446
f 500/396/400 437/447/446 436/449/448
f 499/394/398 436/449/448 435/451/450
f 498/392/396 435/451/450 434/453/452
f 497/390/394 434/453/452 433/455/454
f 496/388/392 433/455/454 432/457/456
f 495/386/390 432/457/456 431/510/504
f 430/458/457 495/386/390 431/510/504
f 429/460/459 494/384/388 430/458/457
f 428/462/461 493/382/386 429/460/459
f 427/464/463 492/380/384 428/462/461
f 426/466/465 491/378/382 427/464/463
f 425/468/467 490/376/380 426/466/465
f 424/470/469 489/374/378 425/468/467
f 423/472/441 488/371/375 424/470/469
f 405/511/408 518/505/471 375/512/505
f 403/513/506 517/503/500 405/511/408
f 401/514/507 516/501/498 403/513/506
f 399/515/508 515/499/496 401/514/507
f 397/516/407 514/497/494 399/515/508
f 395/517/509 513/495/492 397/516/407
f 393/518/510 512/493/490 395/517/509
f 391/519/511 511/491/488 393/518/510
f 509/488/485 391/519/511 389/520/406
f 508/486/483 389/520/406 387/521/512
f 507/484/481 387/521/512 385/522/513
f 506/482/479 385/522/513 383/523/514
f 505/480/477 383/523/514 381/524/515
f 504/478/475 381/524/515 379/525/516
f 503/476/473 379/525/516 377/526/517
f 518/474/471 377/526/517 375/527/505
f 698/528/518 522/529/519 711/530/520
f 711/530/520 524/531/521 710/532/522
f 710/532/522 526/533/523 709/534/524
f 709/534/524 528/535/525 708/536/526
f 708/536/526 530/537/527 707/538/528
f 706/539/529 707/538/528 530/537/527
f 600/540/530 601/541/531 706/539/529
f 659/542/532 535/543/533 660/544/534
f 533/545/535 664/546/536 663/547/535
f 664/546/536 532/548/537 665/549/538
f 540/550/539 703/551/540 704/552/535
f 542/553/541 702/554/542 703/551/540
f 544/555/543 701/556/544 702/554/542
f 546/557/545 700/558/546 701/556/544
f 534/559/547 663/547/535 662/560/547
f 548/561/548 699/562/549 700/558/546
f 550/563/550 698/528/518 699/562/549
f 658/564/551 536/565/552 659/542/532
f 631/566/553 552/567/554 632/568/524
f 552/567/554 633/569/555 632/568/524
f 634/570/556 633/569/555 553/571/557
f 556/572/558 638/573/559 637/574/560
f 560/575/561 642/576/546 641/577/562
f 559/578/563 641/577/562 640/579/542
f 558/580/540 640/579/542 639/581/540
f 557/582/564 639/581/540 638/573/559
f 635/583/565 555/584/566 636/585/567
f 553/571/557 622/586/568 623/587/569
f 584/588/570 675/589/571 674/590/572
f 563/591/573 674/590/572 564/592/574
f 565/593/575 674/590/572 675/589/571
f 566/594/576 675/589/571 676/595/577
f 567/596/578 676/595/577 677/597/579
f 568/598/580 677/597/579 678/599/581
f 705/600/547 540/550/539 704/552/535
f 681/601/582 570/602/583 680/603/584
f 682/604/585 571/605/582 681/601/582
f 683/606/586 572/607/587 682/604/585
f 684/608/588 573/609/589 683/606/586
f 574/610/590 684/608/588 575/611/591
f 683/606/586 591/612/592 684/608/588
f 622/586/568 577/613/593 623/587/569
f 582/614/594 627/615/595 626/616/537
f 558/580/540 557/582/564 626/616/537
f 624/617/596 579/618/597 625/619/567
f 623/587/569 578/620/598 624/617/596
f 642/576/546 561/621/599 643/622/600
f 590/623/601 673/624/602 591/612/592
f 673/624/602 589/625/603 672/626/604
f 589/625/603 681/601/582 680/603/584
f 569/627/605 680/603/584 570/602/583
f 588/628/547 668/629/535 669/630/547
f 587/631/535 667/632/540 668/629/535
f 586/633/540 666/634/606 667/632/540
f 622/586/568 621/635/607 576/636/608
f 593/637/609 697/638/610 685/639/549
f 594/640/546 685/639/549 686/641/546
f 595/642/544 686/641/546 687/643/544
f 596/644/542 687/643/544 688/645/576
f 597/646/540 688/645/576 689/647/611
f 598/648/612 689/647/611 690/649/613
f 691/650/614 598/648/612 690/649/613
f 601/541/531 692/651/615 602/652/616
f 693/653/587 602/652/616 692/651/615
f 694/654/524 603/655/587 693/653/587
f 695/656/617 604/657/618 694/654/524
f 592/658/619 696/659/620 697/638/610
f 711/530/520 592/658/619 698/528/518
f 648/660/582 611/661/621 649/662/621
f 649/662/621 612/663/567 650/664/567
f 651/665/622 615/666/540 652/667/540
f 615/666/540 653/668/542 652/667/540
f 616/669/576 654/670/544 653/668/542
f 617/671/562 655/672/546 654/670/544
f 618/673/546 656/674/549 655/672/546
f 619/675/549 657/676/623 656/674/549
f 539/677/624 538/678/625 651/665/622
f 647/679/587 610/680/582 648/660/582
f 646/681/626 609/682/587 647/679/587
f 645/683/553 608/684/626 646/681/626
f 644/685/627 607/686/553 645/683/553
f 657/676/623 606/687/627 644/685/627
f 634/570/556 554/688/628 635/583/565
f 624/617/596 555/584/566 554/688/628
f 582/614/594 626/616/537 581/689/629
f 626/616/537 559/578/563 558/580/540
f 559/578/563 628/690/630 560/575/561
f 552/567/554 551/691/631 621/635/607
f 554/688/628 623/587/569 624/617/596
f 552/567/554 622/586/568 553/571/557
f 631/566/553 630/692/632 551/691/631
f 610/680/582 635/583/565 611/661/621
f 611/661/621 636/585/567 612/663/567
f 638/573/559 615/666/540 614/693/633
f 639/581/540 616/669/576 615/666/540
f 640/579/542 617/671/562 616/669/576
f 641/577/562 618/673/546 617/671/562
f 642/576/546 619/675/549 618/673/546
f 643/622/600 620/694/634 619/675/549
f 637/574/560 614/693/633 613/695/635
f 633/569/555 610/680/582 609/682/587
f 608/684/626 633/569/555 609/682/587
f 607/686/553 632/568/524 608/684/626
f 606/687/627 631/566/553 607/686/553
f 620/694/634 630/692/632 606/687/627
f 519/696/623 644/685/627 521/697/636
f 521/697/636 645/683/553 523/698/637
f 523/698/637 646/681/626 525/699/638
f 525/699/638 647/679/587 527/700/639
f 527/700/639 648/660/582 529/701/640
f 656/674/549 519/696/623 549/702/641
f 655/672/546 549/702/641 547/703/642
f 654/670/544 547/703/642 545/704/643
f 653/668/542 545/704/643 543/705/644
f 652/667/540 543/705/644 541/706/645
f 651/665/622 541/706/645 539/677/624
f 531/707/646 649/662/621 650/664/567
f 529/701/640 649/662/621 531/707/646
f 658/564/551 577/613/593 576/636/608
f 662/560/547 581/689/629 580/708/547
f 582/614/594 665/549/538 583/709/647
f 663/547/535 582/614/594 581/689/629
f 578/620/598 661/710/648 579/618/597
f 577/613/593 660/544/534 578/620/598
f 668/629/535 532/548/537 533/545/535
f 669/630/547 533/545/535 534/559/547
f 536/565/552 671/711/649 535/543/533
f 673/624/602 536/565/552 537/712/650
f 560/575/561 628/690/630 561/621/599
f 591/612/592 682/604/585 590/623/601
f 590/623/601 681/601/582 589/625/603
f 679/713/547 587/631/535 588/628/547
f 678/599/581 586/633/540 587/631/535
f 677/597/579 585/714/651 586/633/540
f 676/595/577 584/588/570 585/714/651
f 697/638/610 575/611/591 562/715/623
f 575/611/591 695/656/617 574/610/590
f 574/610/590 694/654/524 573/609/589
f 573/609/589 693/653/587 572/607/587
f 572/607/587 692/651/615 571/605/582
f 692/651/615 570/602/583 571/605/582
f 568/598/580 689/647/611 567/596/578
f 689/647/611 566/594/576 567/596/578
f 688/645/576 565/593/575 566/594/576
f 687/643/544 564/592/574 565/593/575
f 686/641/546 563/591/573 564/592/574
f 685/639/549 562/715/623 563/591/573
f 593/637/609 698/528/518 592/658/619
f 700/558/546 593/637/609 594/640/546
f 701/556/544 594/640/546 595/642/544
f 702/554/542 595/642/544 596/644/542
f 703/551/540 596/644/542 597/646/540
f 704/552/535 597/646/540 598/648/612
f 705/600/547 598/648/612 599/716/652
f 602/652/616 706/539/529 601/541/531
f 603/655/587 707/538/528 602/652/616
f 604/657/618 708/536/526 603/655/587
f 710/532/522 604/657/618 605/717/653
f 710/532/522 605/717/653 711/530/520
f 696/659/620 605/717/653 695/656/617
f 627/615/595 583/709/647 628/690/630
f 584/588/570 666/634/606 585/714/651
f 535/543/533 671/711/649 670/718/654
f 532/548/537 667/632/540 666/634/606
f 2/1/1 4/4/4 82/2/2
f 4/4/4 6/6/6 83/5/5
f 6/6/6 8/8/8 84/7/7
f 8/8/8 10/10/10 85/9/9
f 10/10/10 12/12/12 86/11/11
f 12/12/12 14/14/14 87/13/13
f 14/14/14 16/16/16 88/15/15
f 16/16/16 18/719/655 89/17/17
f 89/17/17 18/719/655 20/18/18
f 90/19/19 20/18/18 22/20/20
f 91/21/21 22/20/20 24/22/22
f 92/23/23 24/22/22 26/24/24
f 93/25/25 26/24/24 28/26/26
f 94/27/27 28/26/26 30/28/28
f 6/32/6 4/720/4 2/721/1
f 2/721/1 32/722/30 30/723/28
f 30/723/28 28/724/26 26/725/24
f 26/725/24 24/726/22 22/30/20
f 22/30/20 20/727/18 18/728/655
f 18/728/655 16/729/16 14/31/14
f 14/31/14 12/730/12 10/731/10
f 10/731/10 8/732/8 6/32/6
f 6/32/6 2/721/1 30/723/28
f 30/723/28 26/725/24 22/30/20
f 22/30/20 18/728/655 14/31/14
f 14/31/14 10/731/10 6/32/6
f 6/32/6 30/723/28 22/30/20
f 95/29/29 30/28/28 32/33/30
f 96/34/31 32/33/30 2/35/1
f 31/39/34 1/733/131 3/734/143
f 3/734/143 5/735/142 7/736/141
f 7/736/141 9/737/140 11/738/139
f 11/738/139 13/739/138 15/37/32
f 15/37/32 17/740/137 19/741/136
f 19/741/136 21/742/135 23/38/33
f 23/38/33 25/743/134 27/744/133
f 27/744/133 29/745/132 31/39/34
f 31/39/34 3/734/143 7/736/141
f 7/736/141 11/738/139 15/37/32
f 15/37/32 19/741/136 23/38/33
f 23/38/33 27/744/133 31/39/34
f 31/39/34 7/736/141 15/37/32
f 48/40/35 33/139/65 113/41/36
f 47/43/38 48/40/35 128/42/37
f 46/45/40 47/43/38 127/44/39
f 45/47/42 46/45/40 126/46/41
f 124/49/44 44/51/46 45/47/42
f 123/50/45 43/53/48 44/51/46
f 122/52/47 42/55/50 43/53/48
f 121/54/49 41/57/52 42/55/50
f 120/56/51 40/59/54 41/57/52
f 119/58/53 39/61/56 40/59/54
f 118/60/55 38/63/58 39/61/56
f 117/62/57 37/138/129 38/63/58
f 36/64/59 37/138/129 117/62/57
f 35/66/61 36/64/59 116/65/60
f 34/68/63 35/66/61 115/67/62
f 33/70/65 34/68/63 114/69/64
f 111/72/66 64/76/70 49/73/67
f 110/75/69 63/78/72 64/76/70
f 109/77/71 62/80/74 63/78/72
f 108/79/73 61/136/128 62/80/74
f 60/81/75 61/136/128 108/79/73
f 59/83/77 60/81/75 107/82/76
f 58/85/79 59/83/77 106/84/78
f 57/87/81 58/85/79 105/86/80
f 56/89/83 57/87/81 104/88/82
f 55/91/85 56/89/83 103/90/84
f 54/93/87 55/91/85 102/92/86
f 53/95/89 54/93/87 101/94/88
f 99/97/91 52/99/93 53/95/89
f 98/98/92 51/101/95 52/99/93
f 97/100/94 50/103/96 51/101/95
f 112/102/68 49/137/67 50/103/96
f 80/104/97 65/107/100 129/105/98
f 65/107/100 66/109/102 130/108/101
f 66/109/102 67/111/104 131/110/103
f 67/111/104 68/140/130 132/112/105
f 132/112/105 68/140/130 69/113/106
f 133/114/107 69/113/106 70/115/108
f 134/116/109 70/115/108 71/117/110
f 135/118/111 71/117/110 72/119/112
f 136/120/113 72/119/112 73/121/114
f 137/122/115 73/121/114 74/123/116
f 138/124/117 74/123/116 75/125/118
f 139/126/119 75/125/118 76/127/120
f 76/127/120 77/130/123 141/129/122
f 77/130/123 78/132/125 142/131/124
f 78/132/125 79/134/127 143/133/126
f 79/134/127 80/141/97 144/135/99
f 96/34/31 81/36/3 49/73/67
f 95/29/29 96/34/31 64/76/70
f 94/27/27 95/29/29 63/78/72
f 61/136/128 93/25/25 94/27/27
f 60/81/75 92/23/23 93/25/25
f 59/83/77 91/21/21 92/23/23
f 58/85/79 90/19/19 91/21/21
f 57/87/81 89/17/17 90/19/19
f 56/89/83 88/15/15 89/17/17
f 55/91/85 87/13/13 88/15/15
f 54/93/87 86/11/11 87/13/13
f 85/9/9 86/11/11 54/93/87
f 84/7/7 85/9/9 53/95/89
f 83/5/5 84/7/7 52/99/93
f 82/2/2 83/5/5 51/101/95
f 81/3/3 82/2/2 50/103/96
f 33/70/65 112/102/68 97/100/94
f 34/68/63 97/100/94 98/98/92
f 35/66/61 98/98/92 99/97/91
f 36/64/59 99/97/91 100/96/90
f 37/138/129 100/96/90 101/94/88
f 101/94/88 102/92/86 39/61/56
f 102/92/86 103/90/84 40/59/54
f 103/90/84 104/88/82 41/57/52
f 104/88/82 105/86/80 42/55/50
f 105/86/80 106/84/78 43/53/48
f 106/84/78 107/82/76 44/51/46
f 107/82/76 108/79/73 45/47/42
f 108/79/73 109/77/71 46/45/40
f 46/45/40 109/77/71 110/75/69
f 47/43/38 110/75/69 111/72/66
f 48/40/35 111/72/66 112/74/68
f 80/104/97 113/71/36 114/69/64
f 65/107/100 114/69/64 115/67/62
f 66/109/102 115/67/62 116/65/60
f 116/65/60 117/62/57 68/140/130
f 117/62/57 118/60/55 69/113/106
f 118/60/55 119/58/53 70/115/108
f 119/58/53 120/56/51 71/117/110
f 120/56/51 121/54/49 72/119/112
f 121/54/49 122/52/47 73/121/114
f 122/52/47 123/50/45 74/123/116
f 123/50/45 124/49/44 75/125/118
f 75/125/118 124/49/44 125/48/43
f 76/127/120 125/48/43 126/46/41
f 77/130/123 126/46/41 127/44/39
f 78/132/125 127/44/39 128/42/37
f 79/134/127 128/42/37 113/41/36
f 143/133/126 144/135/99 1/142/131
f 142/131/124 143/133/126 31/143/34
f 141/129/122 142/131/124 29/144/132
f 140/128/121 141/129/122 27/145/133
f 139/126/119 140/128/121 25/146/134
f 138/124/117 139/126/119 23/147/33
f 137/122/115 138/124/117 21/148/135
f 136/120/113 137/122/115 19/149/136
f 135/118/111 136/120/113 17/150/137
f 134/116/109 135/118/111 15/151/32
f 133/114/107 134/116/109 13/152/138
f 132/112/105 133/114/107 11/153/139
f 131/110/103 132/112/105 9/154/140
f 130/108/101 131/110/103 7/155/141
f 129/105/98 130/108/101 5/156/142
f 1/158/131 144/106/99 129/105/98
f 254/159/144 154/171/157 155/160/145
f 147/162/147 146/328/286 152/163/148
f 315/165/150 326/166/337 341/166/151
f 254/159/144 147/162/147 153/164/149
f 164/174/160 328/190/175 327/172/158
f 327/172/158 156/178/164 163/173/159
f 316/175/161 335/175/339 339/176/162
f 154/171/157 153/164/149 160/181/166
f 321/183/168 338/183/179 345/184/169
f 323/187/172 145/325/285 253/185/171
f 253/185/171 317/334/295 316/186/161
f 316/186/161 320/746/163 323/187/172
f 154/171/157 161/182/167 162/180/165
f 153/164/149 152/163/148 159/188/173
f 165/191/176 332/747/335 331/189/174
f 331/189/174 325/748/181 328/190/175
f 328/190/175 164/174/160 165/191/176
f 161/182/167 160/181/166 167/192/177
f 338/183/179 349/183/346 258/184/180
f 325/194/181 331/195/174 344/195/182
f 162/180/165 161/182/167 168/193/178
f 160/181/166 159/188/173 166/197/185
f 166/197/185 159/188/173 333/198/186
f 333/198/186 332/747/335 165/191/176
f 169/196/184 168/193/178 175/201/187
f 167/192/177 166/197/185 173/203/189
f 165/191/176 164/174/160 171/205/191
f 168/193/178 167/192/177 174/204/190
f 166/197/185 165/191/176 172/206/192
f 164/174/160 163/173/159 170/208/193
f 174/204/190 173/203/189 180/210/194
f 172/206/192 171/205/191 178/212/196
f 175/201/187 174/204/190 181/211/195
f 173/203/189 172/206/192 179/213/197
f 171/205/191 170/208/193 177/215/198
f 176/202/188 175/201/187 182/218/200
f 182/218/200 181/211/195 186/221/202
f 195/225/206 272/330/290 271/223/204
f 271/223/204 189/243/224 194/224/205
f 270/226/207 285/226/307 280/227/208
f 183/217/199 182/218/200 187/222/203
f 181/211/195 180/210/194 185/228/210
f 261/230/212 178/212/196 177/215/198
f 177/215/198 184/232/213 262/229/211
f 265/233/214 282/233/304 289/234/215
f 267/236/218 179/213/197 178/212/196
f 178/212/196 261/230/212 260/235/217
f 260/235/217 264/329/288 267/236/218
f 188/220/201 187/222/203 192/237/219
f 186/221/202 185/228/210 190/239/221
f 190/239/221 185/228/210 266/241/223
f 266/241/223 265/233/214 274/234/216
f 274/234/216 277/248/228 190/239/221
f 187/222/203 186/221/202 191/240/222
f 193/238/220 192/237/219 199/245/225
f 190/239/221 197/250/230 198/247/227
f 197/250/230 190/239/221 277/248/228
f 277/248/228 276/343/301 196/249/229
f 191/240/222 198/247/227 199/245/225
f 280/227/208 285/226/307 297/226/231
f 269/253/233 275/254/289 288/254/234
f 195/225/206 204/262/241 205/255/236
f 198/247/227 207/263/242 208/260/239
f 196/249/229 205/255/236 206/261/240
f 194/224/205 203/257/237 204/262/241
f 199/245/225 208/260/239 209/259/238
f 197/250/230 206/261/240 207/263/242
f 207/263/242 214/269/247 215/266/244
f 205/255/236 212/270/248 213/267/245
f 203/257/237 210/272/249 211/268/246
f 209/259/238 208/260/239 215/266/244
f 206/261/240 213/267/245 214/269/247
f 204/262/241 211/268/246 212/270/248
f 210/272/249 217/279/255 218/273/250
f 216/265/243 215/266/244 222/274/251
f 213/267/245 220/281/256 221/276/253
f 211/268/246 218/273/250 219/277/254
f 214/269/247 221/276/253 222/274/251
f 212/270/248 219/277/254 220/281/256
f 222/274/251 229/288/261 230/282/257
f 220/281/256 227/289/262 228/283/258
f 218/273/250 225/290/263 226/284/259
f 221/276/253 228/283/258 229/288/261
f 219/277/254 226/284/259 227/289/262
f 217/279/255 224/286/260 225/290/263
f 228/297/258 235/305/269 236/298/266
f 226/300/259 233/306/270 234/301/267
f 224/291/260 231/293/264 232/303/268
f 229/299/261 236/298/266 237/296/265
f 227/302/262 234/301/267 235/305/269
f 225/304/263 232/303/268 233/306/270
f 235/305/269 242/312/276 243/307/271
f 233/306/270 240/313/277 241/308/272
f 232/303/268 231/293/264 238/309/273
f 236/298/266 243/307/271 244/311/275
f 234/301/267 241/308/272 242/312/276
f 232/303/268 239/310/274 240/313/277
f 243/307/271 250/323/283 251/316/278
f 241/308/272 248/324/284 249/317/279
f 240/313/277 239/310/274 246/318/280
f 242/312/276 249/317/279 250/323/283
f 240/313/277 247/319/281 248/324/284
f 239/310/274 238/309/273 245/321/282
f 248/324/284 146/328/286 147/162/147
f 247/319/281 246/318/280 253/185/171
f 249/317/279 147/162/147 254/159/144
f 247/319/281 145/325/285 146/328/286
f 246/318/280 245/321/282 252/167/153
f 250/323/283 254/159/144 148/161/146
f 260/235/217 279/235/303 283/329/287
f 185/228/210 180/210/194 179/213/197
f 179/213/197 267/236/218 266/241/223
f 196/249/229 276/343/301 275/254/289
f 275/254/289 269/253/233 272/330/290
f 272/330/290 195/225/206 196/249/229
f 151/331/291 347/165/348 356/165/292
f 317/334/295 253/185/171 252/167/153
f 252/167/153 149/169/155 318/333/294
f 159/188/173 152/163/148 322/335/296
f 322/335/296 321/749/168 330/336/170
f 330/336/170 333/198/186 159/188/173
f 152/163/148 146/328/286 145/325/285
f 145/325/285 323/187/172 322/335/296
f 262/339/211 259/750/209 263/337/297
f 263/337/297 260/751/217 261/338/212
f 267/236/218 264/329/288 268/340/298
f 268/340/298 265/752/214 266/241/223
f 272/330/290 269/253/233 273/341/299
f 273/341/299 270/753/207 271/223/204
f 277/248/228 274/234/216 278/342/300
f 278/342/300 275/754/289 276/343/301
f 259/227/209 280/227/208 281/344/302
f 263/345/297 281/344/302 279/235/303
f 282/233/304 265/233/214 268/346/298
f 284/347/305 268/346/298 264/329/288
f 269/253/233 286/253/235 287/348/306
f 273/349/299 287/348/306 285/226/307
f 275/254/289 278/351/300 290/350/308
f 278/351/300 274/234/216 289/234/215
f 270/226/207 259/227/209 262/229/211
f 262/229/211 184/232/213 189/243/224
f 189/243/224 271/223/204 270/226/207
f 293/344/309 292/227/232 303/227/310
f 285/226/307 287/348/306 299/348/312
f 281/344/302 293/344/309 291/235/313
f 283/329/287 279/235/303 291/235/313
f 286/253/235 288/254/234 300/254/315
f 289/234/215 282/233/304 294/233/317
f 287/348/306 286/253/235 298/253/316
f 280/227/208 292/227/232 293/344/309
f 290/350/308 289/234/215 301/234/318
f 283/329/287 295/329/314 296/347/320
f 290/350/308 302/350/319 300/254/315
f 284/347/305 296/347/320 294/233/317
f 314/234/323 307/233/327 306/347/330
f 306/347/330 308/329/328 305/235/321
f 305/235/321 304/344/311 303/227/310
f 303/227/310 311/226/326 310/348/322
f 310/348/322 309/253/325 313/254/329
f 313/254/329 312/350/324 314/234/323
f 314/234/323 306/347/330 305/235/321
f 305/235/321 303/227/310 310/348/322
f 310/348/322 313/254/329 314/234/323
f 301/234/318 314/234/323 312/350/324
f 299/348/312 298/253/316 309/253/325
f 300/254/315 313/254/329 309/253/325
f 293/344/309 304/344/311 305/235/321
f 297/226/231 311/226/326 303/227/310
f 297/226/231 299/348/312 310/348/322
f 296/347/320 306/347/330 307/233/327
f 291/235/313 305/235/321 308/329/328
f 300/254/315 302/350/319 312/350/324
f 295/329/314 308/329/328 306/347/330
f 294/233/317 307/233/327 314/234/323
f 318/354/294 315/755/150 319/352/331
f 319/352/331 316/756/161 317/353/295
f 323/187/172 320/746/163 324/355/332
f 324/355/332 321/757/168 322/335/296
f 328/190/175 325/748/181 329/356/333
f 329/356/333 326/758/337 327/172/158
f 333/359/186 330/759/170 334/357/334
f 334/357/334 331/760/174 332/358/335
f 345/184/169 346/361/336 334/360/334
f 346/361/336 344/195/182 331/195/174
f 326/166/337 329/363/333 343/362/338
f 329/363/333 325/194/181 342/194/183
f 335/175/339 316/175/161 319/364/331
f 337/331/340 319/364/331 315/165/150
f 338/183/179 321/183/168 324/365/332
f 340/366/341 324/365/332 320/176/163
f 326/367/337 315/761/150 318/333/294
f 318/333/294 149/169/155 156/178/164
f 156/178/164 327/172/158 326/367/337
f 346/361/336 345/184/169 258/184/180
f 339/176/162 350/176/350 348/366/343
f 343/362/338 342/194/183 157/194/344
f 340/366/341 348/366/343 349/183/346
f 341/166/151 343/362/338 255/362/345
f 336/165/152 341/166/151 158/166/347
f 337/331/340 336/165/152 347/165/348
f 344/195/182 346/361/336 257/361/342
f 335/175/339 150/175/351 350/176/350
f 337/331/340 151/331/291 150/175/351
f 342/194/183 344/195/182 256/195/349
f 356/165/292 358/166/359 370/166/352
f 255/362/345 157/194/344 359/194/354
f 157/194/344 256/195/349 362/195/356
f 348/366/343 355/366/362 351/183/357
f 151/331/291 357/332/293 353/175/358
f 347/165/348 158/166/347 358/166/359
f 257/361/342 258/184/180 352/368/360
f 350/176/350 354/176/363 355/366/362
f 349/183/346 351/183/357 352/368/360
f 256/195/349 257/361/342 361/361/361
f 150/175/351 353/175/358 354/176/363
f 158/166/347 255/362/345 360/362/355
f 364/184/366 363/369/370 367/366/373
f 367/366/373 366/176/369 365/175/364
f 365/175/364 369/332/372 368/165/353
f 368/165/353 370/166/352 372/362/365
f 372/362/365 371/194/368 374/195/367
f 374/195/367 373/361/371 364/184/366
f 364/184/366 367/366/373 365/175/364
f 365/175/364 368/165/353 372/362/365
f 372/362/365 374/195/367 364/184/366
f 359/194/354 362/195/356 374/195/367
f 353/175/358 365/175/364 366/176/369
f 358/166/359 360/362/355 372/362/365
f 360/362/355 359/194/354 371/194/368
f 355/366/362 367/366/373 363/369/370
f 357/332/293 369/332/372 365/175/364
f 352/368/360 364/184/366 373/361/371
f 356/165/292 368/165/353 369/332/372
f 354/176/363 366/176/369 367/366/373
f 351/183/357 363/369/370 364/184/366
f 362/195/356 361/361/361 373/361/371
f 376/370/374 378/373/377 488/371/375
f 378/373/377 380/375/379 489/374/378
f 380/375/379 382/377/381 490/376/380
f 382/377/381 384/379/383 491/378/382
f 384/379/383 386/381/385 492/380/384
f 386/381/385 388/383/387 493/382/386
f 388/383/387 390/385/389 494/384/388
f 390/385/389 392/387/391 495/386/390
f 392/387/391 394/389/393 496/388/392
f 394/389/393 396/391/395 497/390/394
f 396/391/395 398/393/397 498/392/396
f 398/393/397 400/395/399 499/394/398
f 400/395/399 402/397/401 500/396/400
f 402/397/401 404/402/403 501/398/402
f 380/401/379 378/762/377 376/763/374
f 376/763/374 406/764/405 404/765/403
f 404/765/403 402/766/401 400/767/399
f 400/767/399 398/768/397 396/399/395
f 396/399/395 394/769/393 392/770/391
f 392/770/391 390/771/389 388/400/387
f 388/400/387 386/772/385 384/773/383
f 384/773/383 382/774/381 380/401/379
f 380/401/379 376/763/374 404/765/403
f 404/765/403 400/767/399 396/399/395
f 396/399/395 392/770/391 388/400/387
f 388/400/387 384/773/383 380/401/379
f 380/401/379 404/765/403 396/399/395
f 404/402/403 406/404/405 502/403/404
f 406/404/405 376/775/374 487/405/376
f 405/408/408 375/776/505 377/777/517
f 377/777/517 379/778/516 381/779/515
f 381/779/515 383/780/514 385/781/513
f 385/781/513 387/782/512 389/406/406
f 389/406/406 391/783/511 393/784/510
f 393/784/510 395/785/509 397/407/407
f 397/407/407 399/786/508 401/787/507
f 401/787/507 403/788/506 405/408/408
f 405/408/408 377/777/517 381/779/515
f 381/779/515 385/781/513 389/406/406
f 389/406/406 393/784/510 397/407/407
f 397/407/407 401/787/507 405/408/408
f 405/408/408 381/779/515 389/406/406
f 422/409/409 407/509/439 455/410/410
f 421/412/412 422/409/409 470/411/411
f 420/414/414 421/412/412 469/413/413
f 467/416/416 419/508/503 420/414/414
f 418/417/417 419/508/503 467/416/416
f 417/419/419 418/417/417 466/418/418
f 416/421/421 417/419/419 465/420/420
f 415/423/423 416/421/421 464/422/422
f 414/425/425 415/423/423 463/424/424
f 413/427/427 414/425/425 462/426/426
f 412/429/429 413/427/427 461/428/428
f 411/431/431 412/429/429 460/430/430
f 410/433/433 411/431/431 459/432/432
f 409/435/435 410/433/433 458/434/434
f 408/437/437 409/435/435 457/436/436
f 407/439/439 408/437/437 456/438/438
f 485/441/440 438/445/444 423/442/441
f 484/444/443 437/447/446 438/445/444
f 483/446/445 436/449/448 437/447/446
f 482/448/447 435/451/450 436/449/448
f 481/450/449 434/453/452 435/451/450
f 480/452/451 433/455/454 434/453/452
f 479/454/453 432/457/456 433/455/454
f 478/456/455 431/510/504 432/457/456
f 430/458/457 431/510/504 478/456/455
f 429/460/459 430/458/457 477/459/458
f 428/462/461 429/460/459 476/461/460
f 427/464/463 428/462/461 475/463/462
f 426/466/465 427/464/463 474/465/464
f 425/468/467 426/466/465 473/467/466
f 424/470/469 425/468/467 472/469/468
f 423/472/441 424/470/469 471/471/470
f 518/474/471 454/506/502 439/475/472
f 503/476/473 439/475/472 440/477/474
f 504/478/475 440/477/474 441/479/476
f 505/480/477 441/479/476 442/481/478
f 506/482/479 442/481/478 443/483/480
f 507/484/481 443/483/480 444/485/482
f 508/486/483 444/485/482 445/487/484
f 509/488/485 445/487/484 446/489/486
f 446/489/486 447/492/489 511/491/488
f 447/492/489 448/494/491 512/493/490
f 448/494/491 449/496/493 513/495/492
f 449/496/493 450/498/495 514/497/494
f 450/498/495 451/500/497 515/499/496
f 451/500/497 452/502/499 516/501/498
f 452/502/499 453/504/501 517/503/500
f 453/504/501 454/507/502 518/505/471
f 455/440/410 456/438/438 439/475/472
f 456/438/438 457/436/436 440/477/474
f 457/436/436 458/434/434 441/479/476
f 458/434/434 459/432/432 442/481/478
f 459/432/432 460/430/430 443/483/480
f 460/430/430 461/428/428 444/485/482
f 461/428/428 462/426/426 445/487/484
f 462/426/426 463/424/424 446/489/486
f 446/489/486 463/424/424 464/422/422
f 447/492/489 464/422/422 465/420/420
f 448/494/491 465/420/420 466/418/418
f 449/496/493 466/418/418 467/416/416
f 450/498/495 467/416/416 468/415/415
f 451/500/497 468/415/415 469/413/413
f 452/502/499 469/413/413 470/411/411
f 453/504/501 470/411/411 455/410/410
f 486/473/442 471/471/470 408/437/437
f 471/471/470 472/469/468 409/435/435
f 472/469/468 473/467/466 410/433/433
f 473/467/466 474/465/464 411/431/431
f 474/465/464 475/463/462 412/429/429
f 475/463/462 476/461/460 413/427/427
f 476/461/460 477/459/458 414/425/425
f 477/459/458 478/456/455 415/423/423
f 415/423/423 478/456/455 479/454/453
f 416/421/421 479/454/453 480/452/451
f 417/419/419 480/452/451 481/450/449
f 418/417/417 481/450/449 482/448/447
f 419/508/503 482/448/447 483/446/445
f 420/414/414 483/446/445 484/444/443
f 421/412/412 484/444/443 485/441/440
f 422/409/409 485/441/440 486/443/442
f 502/403/404 487/405/376 423/442/441
f 501/398/402 502/403/404 438/445/444
f 500/396/400 501/398/402 437/447/446
f 499/394/398 500/396/400 436/449/448
f 498/392/396 499/394/398 435/451/450
f 497/390/394 498/392/396 434/453/452
f 496/388/392 497/390/394 433/455/454
f 495/386/390 496/388/392 432/457/456
f 430/458/457 494/384/388 495/386/390
f 429/460/459 493/382/386 494/384/388
f 428/462/461 492/380/384 493/382/386
f 427/464/463 491/378/382 492/380/384
f 426/466/465 490/376/380 491/378/382
f 425/468/467 489/374/378 490/376/380
f 424/470/469 488/371/375 489/374/378
f 423/472/441 487/372/376 488/371/375
f 405/511/408 517/503/500 518/505/471
f 403/513/506 516/501/498 517/503/500
f 401/514/507 515/499/496 516/501/498
f 399/515/508 514/497/494 515/499/496
f 397/516/407 513/495/492 514/497/494
f 395/517/509 512/493/490 513/495/492
f 393/518/510 511/491/488 512/493/490
f 391/519/511 510/490/487 511/491/488
f 509/488/485 510/490/487 391/519/511
f 508/486/483 509/488/485 389/520/406
f 507/484/481 508/486/483 387/521/512
f 506/482/479 507/484/481 385/522/513
f 505/480/477 506/482/479 383/523/514
f 504/478/475 505/480/477 381/524/515
f 503/476/473 504/478/475 379/525/516
f 518/474/471 503/476/473 377/526/517
f 698/528/518 520/789/623 522/529/519
f 711/530/520 522/529/519 524/531/521
f 710/532/522 524/531/521 526/533/523
f 709/534/524 526/533/523 528/535/525
f 708/536/526 528/535/525 530/537/527
f 659/542/532 536/565/552 535/543/533
f 533/545/535 532/548/537 664/546/536
f 540/550/539 542/553/541 703/551/540
f 542/553/541 544/555/543 702/554/542
f 544/555/543 546/557/545 701/556/544
f 546/557/545 548/561/548 700/558/546
f 534/559/547 533/545/535 663/547/535
f 548/561/548 550/563/550 699/562/549
f 550/563/550 520/789/623 698/528/518
f 658/564/551 537/712/650 536/565/552
f 631/566/553 551/691/631 552/567/554
f 552/567/554 553/571/557 633/569/555
f 556/572/558 557/582/564 638/573/559
f 560/575/561 561/621/599 642/576/546
f 559/578/563 560/575/561 641/577/562
f 558/580/540 559/578/563 640/579/542
f 557/582/564 558/580/540 639/581/540
f 635/583/565 554/688/628 555/584/566
f 565/593/575 564/592/574 674/590/572
f 566/594/576 565/593/575 675/589/571
f 567/596/578 566/594/576 676/595/577
f 568/598/580 567/596/578 677/597/579
f 681/601/582 571/605/582 570/602/583
f 682/604/585 572/607/587 571/605/582
f 683/606/586 573/609/589 572/607/587
f 684/608/588 574/610/590 573/609/589
f 622/586/568 576/636/608 577/613/593
f 582/614/594 583/709/647 627/615/595
f 624/617/596 578/620/598 579/618/597
f 623/587/569 577/613/593 578/620/598
f 673/624/602 590/623/601 589/625/603
f 588/628/547 587/631/535 668/629/535
f 587/631/535 586/633/540 667/632/540
f 586/633/540 585/714/651 666/634/606
f 593/637/609 592/658/619 697/638/610
f 594/640/546 593/637/609 685/639/549
f 595/642/544 594/640/546 686/641/546
f 596/644/542 595/642/544 687/643/544
f 597/646/540 596/644/542 688/645/576
f 598/648/612 597/646/540 689/647/611
f 691/650/614 599/716/652 598/648/612
f 693/653/587 603/655/587 602/652/616
f 694/654/524 604/657/618 603/655/587
f 695/656/617 605/717/653 604/657/618
f 648/660/582 610/680/582 611/661/621
f 649/662/621 611/661/621 612/663/567
f 651/665/622 614/693/633 615/666/540
f 615/666/540 616/669/576 653/668/542
f 616/669/576 617/671/562 654/670/544
f 617/671/562 618/673/546 655/672/546
f 618/673/546 619/675/549 656/674/549
f 619/675/549 620/694/634 657/676/623
f 647/679/587 609/682/587 610/680/582
f 646/681/626 608/684/626 609/682/587
f 645/683/553 607/686/553 608/684/626
f 644/685/627 606/687/627 607/686/553
f 657/676/623 620/694/634 606/687/627
f 624/617/596 625/619/567 555/584/566
f 626/616/537 627/615/595 559/578/563
f 559/578/563 627/615/595 628/690/630
f 552/567/554 621/635/607 622/586/568
f 610/680/582 634/570/556 635/583/565
f 611/661/621 635/583/565 636/585/567
f 638/573/559 639/581/540 615/666/540
f 639/581/540 640/579/542 616/669/576
f 640/579/542 641/577/562 617/671/562
f 641/577/562 642/576/546 618/673/546
f 642/576/546 643/622/600 619/675/549
f 643/622/600 629/790/623 620/694/634
f 637/574/560 638/573/559 614/693/633
f 633/569/555 634/570/556 610/680/582
f 608/684/626 632/568/524 633/569/555
f 607/686/553 631/566/553 632/568/524
f 606/687/627 630/692/632 631/566/553
f 620/694/634 629/790/623 630/692/632
f 519/696/623 657/676/623 644/685/627
f 521/697/636 644/685/627 645/683/553
f 523/698/637 645/683/553 646/681/626
f 525/699/638 646/681/626 647/679/587
f 527/700/639 647/679/587 648/660/582
f 656/674/549 657/676/623 519/696/623
f 655/672/546 656/674/549 549/702/641
f 654/670/544 655/672/546 547/703/642
f 653/668/542 654/670/544 545/704/643
f 652/667/540 653/668/542 543/705/644
f 651/665/622 652/667/540 541/706/645
f 529/701/640 648/660/582 649/662/621
f 658/564/551 659/542/532 577/613/593
f 662/560/547 663/547/535 581/689/629
f 582/614/594 664/546/536 665/549/538
f 663/547/535 664/546/536 582/614/594
f 578/620/598 660/544/534 661/710/648
f 577/613/593 659/542/532 660/544/534
f 668/629/535 667/632/540 532/548/537
f 669/630/547 668/629/535 533/545/535
f 536/565/552 672/626/604 671/711/649
f 673/624/602 672/626/604 536/565/552
f 591/612/592 683/606/586 682/604/585
f 590/623/601 682/604/585 681/601/582
f 679/713/547 678/599/581 587/631/535
f 678/599/581 677/597/579 586/633/540
f 677/597/579 676/595/577 585/714/651
f 676/595/577 675/589/571 584/588/570
f 697/638/610 696/659/620 575/611/591
f 575/611/591 696/659/620 695/656/617
f 574/610/590 695/656/617 694/654/524
f 573/609/589 694/654/524 693/653/587
f 572/607/587 693/653/587 692/651/615
f 692/651/615 569/627/605 570/602/583
f 568/598/580 690/649/613 689/647/611
f 689/647/611 688/645/576 566/594/576
f 688/645/576 687/643/544 565/593/575
f 687/643/544 686/641/546 564/592/574
f 686/641/546 685/639/549 563/591/573
f 685/639/549 697/638/610 562/715/623
f 593/637/609 699/562/549 698/528/518
f 700/558/546 699/562/549 593/637/609
f 701/556/544 700/558/546 594/640/546
f 702/554/542 701/556/544 595/642/544
f 703/551/540 702/554/542 596/644/542
f 704/552/535 703/551/540 597/646/540
f 705/600/547 704/552/535 598/648/612
f 602/652/616 707/538/528 706/539/529
f 603/655/587 708/536/526 707/538/528
f 604/657/618 709/534/524 708/536/526
f 710/532/522 709/534/524 604/657/618
