{
    "BossArmorParameter": {
        "baseTexture": "FireNoize.png",
        "color": {
            "a": 1.0,
            "b": 0.18139535188674927,
            "g": 0.18139535188674927,
            "r": 1.0
        },
        "durability": 300.0,
        "edgeColor": {
            "a": 1.0,
            "b": 0.09302324056625366,
            "g": 0.09302324056625366,
            "r": 1.0
        },
        "localTranslate": {
            "x": 0.0,
            "y": 0.0,
            "z": 0.0
        },
        "maxThreshold": 0.5299999713897705,
        "minThreshold": 0.38999998569488525,
        "noiseTexture1": "noise0.png",
        "noiseTexture2": "noise5.png",
        "noiseTexture3": "noise6.png",
        "scale": {
            "x": 7.599999904632568,
            "y": 7.599999904632568,
            "z": 7.599999904632568
        },
        "uvRotate": {
            "x": 0.0,
            "y": 0.0,
            "z": 0.0
        },
        "uvScale": {
            "x": 1.0,
            "y": 1.0,
            "z": 1.0
        },
        "uvTranslate": {
            "x": 0.0,
            "y": 0.0,
            "z": 0.0
        }
    }
}
