{
    "BossArmorParameter": {
        "color": {
            "a": 1.0,
            "r": 0.9953488111495972,
            "g": 0.0,
            "b": 0.0
        },
        "durability": 100.0,
        "edgeColor": {
            "a": 1.0,
            "r": 0.8325581550598145,
            "g": 0.11229852586984634,
            "b": 0.11229852586984634
        },
        "scale": {
            "x": 8.0,
            "y": 8.0,
            "z": 8.0
        },
        "uvRotate": {
            "x": 0.0,
            "y": 0.0,
            "z": 0.0
        },
        "uvScale": {
            "x": 1.0,
            "y": 2.5,
            "z": 1.0
        },
        "uvTranslate": {
            "x": 0.44999998807907104,
            "y": 0.10000000149011612,
            "z": 0.0
        }
    }
}
