{
    "ActionBoost": {
        "bluerStartTime": 0.20000000298023224,
        "bluerStopTime": 0.5,
        "bluerStrength": 1.0,
        "boostForce": 5.5,
        "chargeTime": 0.4000000059604645,
        "consumeEnergy": 25.0,
        "overTakingThreshold": 7.0,
        "stopForce": 0.8500000238418579,
        "stopThreshold": 8.699999809265137
    }
}
