{
    "ActionMove": {
        "boostSpeed": 3.0,
        "decayRate": 16.299999237060547,
        "maxSpeed": 2.299999952316284,
        "rotateT": 0.10000000149011612,
        "speed": 0.20000000298023224,
        "turnAroundThreshold": -0.5
    }
}
