{
    "ActionMove": {
        "boostSpeed": 2.200000047683716,
        "decayRate": 16.299999237060547,
        "maxSpeed": 2.0999999046325684,
        "rotateT": 0.10000000149011612,
        "speed": 0.20000000298023224,
        "turnAroundThreshold": -0.5
    }
}
