{
    "jetBurnParameter": {
        "color": {
            "a": 1.0,
            "b": 0.051162779331207275,
            "g": 0.34243375062942505,
            "r": 1.0
        },
        "discardValue": 0.30000001192092896,
        "rotate": {
            "w": 0.034049518406391144,
            "x": -0.9994202256202698,
            "y": 0.0,
            "z": 0.0
        },
        "scale": {
            "x": 0.27013081312179565,
            "y": 1.0063673257827759,
            "z": 0.25
        },
        "shaderGraphPath": ".\\Project\\Packages\\Game\\Assets\\GameData\\ShaderGraph\\jetBurn.json",
        "translate": {
            "x": 0.0,
            "y": -0.8999999761581421,
            "z": -0.05000000074505806
        }
    }
}
