{
    "BossArmorParameter": {
        "baseTexture": "FireNoize.png",
        "color": {
            "a": 1.0,
            "b": 0.3720930218696594,
            "g": 0.3720930218696594,
            "r": 1.0
        },
        "durability": 300.0,
        "duration": 6.0,
        "edgeColor": {
            "a": 1.0,
            "b": 0.24186044931411743,
            "g": 0.24186044931411743,
            "r": 1.0
        },
        "localTranslate": {
            "x": 0.0,
            "y": 0.0,
            "z": 0.0
        },
        "maxThreshold": 0.800000011920929,
        "minThreshold": 0.30000001192092896,
        "noiseTexture1": "noise0.png",
        "noiseTexture2": "FireNoize.png",
        "noiseTexture3": "noise6.png",
        "scale": {
            "x": 8.0,
            "y": 8.0,
            "z": 8.0
        },
        "uvRotate": {
            "x": 0.0,
            "y": 0.0,
            "z": 0.0
        },
        "uvScale": {
            "x": 1.0,
            "y": 1.0,
            "z": 1.0
        },
        "uvTranslate": {
            "x": 0.0,
            "y": 0.0,
            "z": 0.0
        }
    }
}
