{
    "baseParameter": {
        "direction": {
            "x": 0.0,
            "y": -0.33338773250579834,
            "z": -0.9427898526191711
        },
        "farClip": 5.199999809265137,
        "fovY": 10.0,
        "lightPos": {
            "x": 0.0,
            "y": 0.0,
            "z": -14.199999809265137
        },
        "nearClip": 0.10000000149011612
    }
}
