{
    "LaserRifle": {
        "pos": {
            "x": -0.6000000238418579,
            "y": 3.299999952316284,
            "z": 0.0
        }
    }
}
