{"nodes":{"node:129":{"location":{"x":-267,"y":-78}},"node:159":{"location":{"x":-75,"y":-78}},"node:49":{"location":{"x":-283,"y":-410}},"node:52":{"location":{"x":-350,"y":-234}},"node:55":{"location":{"x":-459,"y":-74}}},"selection":null,"view":{"scroll":{"x":-516.5579833984375,"y":-386.68206787109375},"visible_rect":{"max":{"x":284.58935546875,"y":252.423919677734375},"min":{"x":-688.7440185546875,"y":-515.57611083984375}},"zoom":0.75}}