{"nodes":{"node:133":{"location":{"x":-267,"y":-78}},"node:163":{"location":{"x":-75,"y":-78}},"node:49":{"location":{"x":-283,"y":-382}},"node:52":{"location":{"x":-283,"y":-234}},"node:55":{"location":{"x":-459,"y":-74}}},"selection":["node:133"],"view":{"scroll":{"x":-509.12188720703125,"y":-311.82122802734375},"visible_rect":{"max":{"x":71.87811279296875,"y":270.17877197265625},"min":{"x":-509.12188720703125,"y":-311.82122802734375}},"zoom":1}}