{"nodes":{"node:133":{"location":{"x":-267,"y":-78}},"node:163":{"location":{"x":-75,"y":-78}},"node:49":{"location":{"x":-283,"y":-382}},"node:52":{"location":{"x":-283,"y":-234}},"node:55":{"location":{"x":-459,"y":-74}}},"selection":["node:133"],"view":{"scroll":{"x":-617.1217041015625,"y":-399.6427001953125},"visible_rect":{"max":{"x":87.8782958984375,"y":182.3572998046875},"min":{"x":-617.1217041015625,"y":-399.6427001953125}},"zoom":1}}