{"nodes":{"node:1":{"location":{"x":-11,"y":50}},"node:10":{"location":{"x":-110,"y":-106}},"node:4":{"location":{"x":-187,"y":50}},"node:7":{"location":{"x":-75,"y":-238}}},"selection":null,"view":{"scroll":{"x":-309.278717041015625,"y":-269.300537109375},"visible_rect":{"max":{"x":301.721282958984375,"y":242.699462890625},"min":{"x":-309.278717041015625,"y":-269.300537109375}},"zoom":1}}