{"nodes":{"node:129":{"location":{"x":-267,"y":-78}},"node:159":{"location":{"x":-75,"y":-78}},"node:49":{"location":{"x":-283,"y":-382}},"node:52":{"location":{"x":-283,"y":-234}},"node:55":{"location":{"x":-459,"y":-74}}},"selection":["node:55"],"view":{"scroll":{"x":-479.12188720703125,"y":-412.82122802734375},"visible_rect":{"max":{"x":101.87811279296875,"y":169.17877197265625},"min":{"x":-479.12188720703125,"y":-412.82122802734375}},"zoom":1}}