{"nodes":{"node:1":{"location":{"x":-87,"y":-234}},"node:4":{"location":{"x":-251,"y":-46}}},"selection":null,"view":{"scroll":{"x":-315.8035888671875,"y":-205.885848999023438},"visible_rect":{"max":{"x":441.59527587890625,"y":362.818878173828125},"min":{"x":-421.071502685546875,"y":-274.514495849609375}},"zoom":0.749999940395355225}}