{"nodes":{"node:1":{"location":{"x":224,"y":-96}}},"selection":null,"view":{"scroll":{"x":-91.267333984375,"y":-141.936614990234375},"visible_rect":{"max":{"x":706.732666015625,"y":207.063385009765625},"min":{"x":-91.267333984375,"y":-141.936614990234375}},"zoom":1}}