{"nodes":{"node:133":{"location":{"x":-267,"y":-78}},"node:163":{"location":{"x":-75,"y":-78}},"node:49":{"location":{"x":-283,"y":-410}},"node:52":{"location":{"x":-350,"y":-234}},"node:55":{"location":{"x":-459,"y":-74}}},"selection":null,"view":{"scroll":{"x":187.097579956054688,"y":245.926666259765625},"visible_rect":{"max":{"x":839.1597900390625,"y":1274.6827392578125},"min":{"x":290.1597900390625,"y":381.394744873046875}},"zoom":0.644808769226074219}}