{"nodes":{"node:1":{"location":{"x":-11,"y":50}},"node:10":{"location":{"x":-123,"y":-110}},"node:4":{"location":{"x":-187,"y":50}},"node:7":{"location":{"x":-103,"y":-250}}},"selection":null,"view":{"scroll":{"x":-221.777862548828125,"y":-386.18450927734375},"visible_rect":{"max":{"x":311.377716064453125,"y":100.652397155761719},"min":{"x":-177.422286987304688,"y":-308.947601318359375}},"zoom":1.25}}