{"nodes":{"node:40":{"location":{"x":-155,"y":-366}},"node:43":{"location":{"x":-171,"y":-234}},"node:46":{"location":{"x":-471,"y":-122}},"node:50":{"location":{"x":-391,"y":-42}},"node:54":{"location":{"x":-251,"y":-58}},"node:57":{"location":{"x":-347,"y":70}},"node:61":{"location":{"x":-219,"y":70}},"node:66":{"location":{"x":-43,"y":-58}},"node:69":{"location":{"x":-87,"y":102}},"node:73":{"location":{"x":21,"y":102}},"node:77":{"location":{"x":194,"y":82}},"node:80":{"location":{"x":117,"y":246}},"node:84":{"location":{"x":245,"y":262}},"node:88":{"location":{"x":357,"y":246}}},"selection":null,"view":{"scroll":{"x":-539.13916015625,"y":-181.436355590820312},"visible_rect":{"max":{"x":197.907257080078125,"y":325.709136962890625},"min":{"x":-359.4261474609375,"y":-120.957588195800781}},"zoom":1.49999988079071045}}