{"nodes":{"node:1":{"location":{"x":-71,"y":-234}},"node:10":{"location":{"x":-107,"y":-74}},"node:4":{"location":{"x":69,"y":70}},"node:7":{"location":{"x":-247,"y":66}}},"selection":null,"view":{"scroll":{"x":-328.677947998046875,"y":-204.779693603515625},"visible_rect":{"max":{"x":424.429443359375,"y":364.293792724609375},"min":{"x":-438.2373046875,"y":-273.03961181640625}},"zoom":0.749999940395355225}}