{"nodes":{"node:37":{"location":{"x":-155,"y":-366}},"node:40":{"location":{"x":-171,"y":-234}},"node:43":{"location":{"x":-471,"y":-122}},"node:47":{"location":{"x":-391,"y":-42}},"node:51":{"location":{"x":-251,"y":-58}},"node:54":{"location":{"x":-347,"y":70}},"node:58":{"location":{"x":-219,"y":70}},"node:63":{"location":{"x":-43,"y":-58}},"node:66":{"location":{"x":-87,"y":102}},"node:70":{"location":{"x":21,"y":102}},"node:74":{"location":{"x":194,"y":82}},"node:77":{"location":{"x":117,"y":246}},"node:81":{"location":{"x":245,"y":262}},"node:85":{"location":{"x":357,"y":246}},"node:92":{"location":{"x":133,"y":-74}}},"selection":null,"view":{"scroll":{"x":-360.01568603515625,"y":-239.148834228515625},"visible_rect":{"max":{"x":382.645782470703125,"y":363.801605224609375},"min":{"x":-480.020965576171875,"y":-318.865142822265625}},"zoom":0.749999940395355225}}