{"nodes":{"node:37":{"location":{"x":-155,"y":-366}},"node:40":{"location":{"x":-171,"y":-234}},"node:43":{"location":{"x":-471,"y":-122}},"node:47":{"location":{"x":-391,"y":-42}},"node:51":{"location":{"x":-251,"y":-58}},"node:54":{"location":{"x":-347,"y":70}},"node:58":{"location":{"x":-219,"y":70}},"node:63":{"location":{"x":-43,"y":-58}},"node:66":{"location":{"x":-87,"y":102}},"node:70":{"location":{"x":21,"y":102}},"node:74":{"location":{"x":194,"y":82}},"node:77":{"location":{"x":117,"y":246}},"node:81":{"location":{"x":245,"y":262}},"node:85":{"location":{"x":357,"y":246}}},"selection":null,"view":{"scroll":{"x":-293.03863525390625,"y":-271.371246337890625},"visible_rect":{"max":{"x":707.9227294921875,"y":481.25750732421875},"min":{"x":-586.0772705078125,"y":-542.74249267578125}},"zoom":0.5}}