{"nodes":{"node:133":{"location":{"x":-267,"y":-78}},"node:163":{"location":{"x":-75,"y":-78}},"node:49":{"location":{"x":-283,"y":-382}},"node:52":{"location":{"x":-283,"y":-234}},"node:55":{"location":{"x":-459,"y":-74}}},"selection":["node:55"],"view":{"scroll":{"x":-510.5767822265625,"y":-219.43829345703125},"visible_rect":{"max":{"x":140.564300537109375,"y":172.74896240234375},"min":{"x":-680.76910400390625,"y":-292.58441162109375}},"zoom":0.749999880790710449}}