{"nodes":{"node:1":{"location":{"x":73,"y":38}},"node:19":{"location":{"x":-91,"y":70}},"node:37":{"location":{"x":-103,"y":-250}},"node:4":{"location":{"x":-187,"y":50}},"node:40":{"location":{"x":-123,"y":-122}}},"selection":null,"view":{"scroll":{"x":-241.922271728515625,"y":-304.73687744140625},"visible_rect":{"max":{"x":200.077728271484375,"y":207.26312255859375},"min":{"x":-241.922271728515625,"y":-304.73687744140625}},"zoom":1}}