{
    "ActionMove": {
        "boostSpeed": 25.0,
        "decayRate": 6.0,
        "moveT": 0.05000000074505806,
        "rotateT": 0.10000000149011612,
        "speed": 3.0
    }
}
