{
    "ActionQuickBoost": {
        "boostEnergy": 20.0,
        "boostForce": 4.0,
        "cameraShakeStrength": 0.10000000149011612,
        "cameraShakeTime": 0.20000000298023224,
        "decelerationCurve": {
            "controlPoints_1": -0.0078125,
            "controlPoints_2": 1.3125,
            "controlPoints_3": 1.140625,
            "controlPoints_4": 0.9375
        },
        "decelerationRaito": 0.800000011920929,
        "decelerationTime": 0.4000000059604645
    }
}
