{
    "actionQuickBoost": {
        "boostEnergy": 20.0,
        "boostForce": 10.0,
        "cameraShakeStrength": 0.05000000074505806,
        "cameraShakeTime": 0.10000000149011612,
        "decelerationRaito": 0.800000011920929
    }
}
