{
    "ActionJump": {
        "cameraShakeStrength": 0.20000000298023224,
        "cameraShakeTime": 0.10000000149011612,
        "jumpEnergy": 5.0,
        "jumpForce": 8.0,
        "maxAcceleration": 50.0,
        "risingForce": 10.0
    }
}
