{
    "BaseDirectional": {
        "direction": {
            "x": 0.0,
            "y": -0.9079521298408508,
            "z": 0.4190739691257477
        },
        "farClip": -96.80000305175781,
        "fovY": 91.75,
        "lightPos": {
            "x": 0.0,
            "y": 120.0,
            "z": -129.89999389648438
        },
        "nearClip": 216.1999969482422
    }
}
