{
    "directionalLight": {
        "color": {
            "w": 1.0,
            "x": 1.0,
            "y": 1.0,
            "z": 1.0
        },
        "direction": {
            "x": 0.0,
            "y": -0.14930769801139832,
            "z": 0.9887908697128296
        },
        "intensity": 1.0,
        "limPower": 0.5
    }
}
