{
    "JetBorn": {
        "angleMax": 360.0,
        "angleMin": 0.0,
        "color": {
            "w": 1.0,
            "x": 1.0,
            "y": 0.26360195875167847,
            "z": 0.14418601989746094
        },
        "damping": 0.0,
        "direction": {
            "x": 0.0,
            "y": -1.0,
            "z": 0.0
        },
        "duration": 5.0,
        "gravity": -7.760000228881836,
        "isDirectionRotate": false,
        "isLifeOfAlpha": true,
        "isLifeOfScale": false,
        "isLoop": true,
        "isParticleAddBlend": true,
        "isScaleUp": true,
        "lifeTime": 0.1599999964237213,
        "maxScale": {
            "x": 1.0,
            "y": 1.0,
            "z": 1.0
        },
        "minScale": {
            "x": 0.800000011920929,
            "y": 0.800000011920929,
            "z": 0.7099999785423279
        },
        "rateOverTimeCout": 256,
        "rotate": {
            "w": 1.0,
            "x": 0.0,
            "y": 0.0,
            "z": 0.0
        },
        "rotateAngle": 0.0,
        "scaleUpScale": {
            "x": 2.0,
            "y": 2.0,
            "z": 0.0
        },
        "shape": 1,
        "speed": 3.9800000190734863,
        "translate": {
            "x": 0.0,
            "y": 0.0,
            "z": 0.0
        },
        "useTexture": "circle2 (2).png"
    }
}
