{
    "Grayscale": {
        "color": {
            "a": 1.0,
            "b": 1.0009524822235107,
            "g": 1.000840425491333,
            "r": 1.0009524822235107
        },
        "isEnable": false
    }
}
