{
    "SaveSettings": {
        "color": {
            "a": -0.006011486053466797,
            "b": 0.0,
            "g": 0.11764705926179886,
            "r": 0.0
        },
        "isEnable": false
    }
}
