{
    "postureStability": {
        "normalColor": {
            "w": 1.0,
            "x": 1.0,
            "y": 0.9209302067756653,
            "z": 0.0
        },
        "pinchColor": {
            "w": 1.0,
            "x": 1.0,
            "y": 0.11162793636322021,
            "z": 0.0
        }
    }
}
