{
    "leftWeaponGauge": {
        "anchorPoint": {
            "x": 0.5,
            "y": 0.5
        },
        "arcRange": 1.221730351448059,
        "center": {
            "x": 0.5,
            "y": 0.5
        },
        "clockwise": 0,
        "drawRange": {
            "x": 360.0,
            "y": 360.0
        },
        "fillAmount": 1.0,
        "fillMethod": 2,
        "fillStartingPoint": 0,
        "health": {
            "rotate": {
                "x": 0.0,
                "y": 0.0,
                "z": 0.0
            },
            "scale": {
                "x": 1.0,
                "y": 1.0,
                "z": 1.0
            },
            "translate": {
                "x": 639.999755859375,
                "y": 450.6449279785156,
                "z": 0.0
            }
        },
        "innerRadius": 0.33000001311302185,
        "isFlipX": false,
        "isFlipY": false,
        "leftTop": {
            "x": 0.0,
            "y": 0.0
        },
        "outerRadius": 0.3499999940395355,
        "spriteSize": {
            "x": 360.0,
            "y": 360.0
        },
        "startAngle": 1.902406930923462,
        "textureName": "white.png"
    }
}
