{
    "PlayerUIItems": {
        "apPos": {
            "x": 78.9000015258789,
            "y": 580.0
        },
        "apScale": {
            "x": 0.4000000059604645,
            "y": 0.4000000059604645
        },
        "healthPos": {
            "x": 160.0,
            "y": 610.0
        },
        "healthScale": {
            "x": 0.5,
            "y": 0.800000011920929
        },
        "posturePos": {
            "x": 640.0,
            "y": 608.2999877929688
        },
        "postureScale": {
            "x": 1.0,
            "y": 0.800000011920929
        }
    }
}
