{
    "postureStabilityColor": {
        "armorColor": {
            "a": 1.0,
            "b": 0.9236775040626526,
            "g": 1.0,
            "r": 0.21860462427139282
        },
        "normalColor": {
            "a": 1.0,
            "b": 0.06976741552352905,
            "g": 0.6928068995475769,
            "r": 1.0
        },
        "pinchColor": {
            "a": 1.0,
            "b": 0.10697674751281738,
            "g": 0.10697674751281738,
            "r": 1.0
        },
        "stanColor": {
            "a": 1.0,
            "b": 0.0,
            "g": 0.0,
            "r": 1.0
        }
    }
}
