{
    "GameMenuUIParameter": {
        "inputCoolTime": 0.30000001192092896,
        "noSelectColor": {
            "a": 1.0,
            "b": 0.12558138370513916,
            "g": 0.12558138370513916,
            "r": 0.12558138370513916
        }
    }
}
