{
    "baseParameter": {
        "direction": {
            "x": 0.12360474467277527,
            "y": -0.7104853391647339,
            "z": -0.6927715539932251
        },
        "farClip": 307.79998779296875,
        "fovY": 0.0,
        "lightPos": {
            "x": 0.0,
            "y": 39.099998474121094,
            "z": 0.0
        },
        "nearClip": 0.10000000149011612,
        "shadowDepth": 100.0,
        "shadowHeight": 500.0,
        "shadowWidth": 500.0
    }
}
