{
    "new Parameter": {
        "color": {
            "a": 1.0,
            "b": 1.0,
            "g": 1.0,
            "r": 1.0
        },
        "direction": {
            "x": 0.0,
            "y": -1.0,
            "z": 0.0
        },
        "intensity": 0.30000001192092896,
        "limPower": 0.699999988079071
    }
}
