{
    "BossArmorParameter": {
        "baseTexture": "FireNoize.png",
        "color": {
            "w": 1.0,
            "x": 0.8186046481132507,
            "y": 0.0,
            "z": 0.0
        },
        "durability": 100.0,
        "edgeColor": {
            "w": 1.0,
            "x": 1.0,
            "y": 0.0,
            "z": 0.0
        },
        "maxThreshold": 0.3199999928474426,
        "minThreshold": 0.6000000238418579,
        "noiseTexture1": "noise0.png",
        "noiseTexture2": "noise5.png",
        "noiseTexture3": "noise6.png",
        "scale": {
            "x": 7.599999904632568,
            "y": 7.599999904632568,
            "z": 7.599999904632568
        },
        "uvRotate": {
            "x": 0.0,
            "y": 0.0,
            "z": 0.0
        },
        "uvScale": {
            "x": 1.0,
            "y": 1.0,
            "z": 1.0
        },
        "uvTranslate": {
            "x": 0.0,
            "y": 0.0,
            "z": 0.0
        }
    }
}
