{
    "PlayerUIItems": {
        "healthPos": {
            "x": 160.0,
            "y": 610.0
        },
        "healthScale": {
            "x": 0.5,
            "y": 0.5
        },
        "posturePos": {
            "x": 640.0,
            "y": 608.2999877929688
        },
        "postureScale": {
            "x": 1.0,
            "y": 0.800000011920929
        }
    }
}
