{
    "rightWeaponGauge": {
        "anchorPoint": {
            "x": 0.5,
            "y": 0.5
        },
        "arcRange": 1.221730351448059,
        "center": {
            "x": 0.5,
            "y": 0.5
        },
        "clockwise": 1,
        "drawRange": {
            "x": 360.0,
            "y": 360.0
        },
        "fillAmount": 0.5400000214576721,
        "fillMethod": 2,
        "fillStartingPoint": 0,
        "health": {
            "rotate": {
                "x": 0.0,
                "y": 0.0,
                "z": 0.0
            },
            "scale": {
                "x": 1.0,
                "y": 1.0,
                "z": 1.0
            },
            "translate": {
                "x": 639.9999389648438,
                "y": 450.8006286621094,
                "z": 0.0
            }
        },
        "innerRadius": 0.33000001311302185,
        "isFlipX": false,
        "isFlipY": false,
        "leftTop": {
            "x": 0.0,
            "y": 0.0
        },
        "outerRadius": 0.3499999940395355,
        "spriteSize": {
            "x": 360.0,
            "y": 360.0
        },
        "startAngle": 0.0,
        "textureName": "white.png"
    }
}
