{
    "BossActionAllRangeMissile": {
        "bulletSpeed": 100.0,
        "fireNum": 9,
        "firstSpeedRaito": 0.10000000149011612,
        "takeDamage": 30.0,
        "trakingRaito": 0.05000000074505806
    }
}
