{
    "bossActionShotMissile": {
        "bulletSpeed": 120.0,
        "firstSpeedRaito": 0.20000000298023224,
        "shotInterval": 0.10000000149011612,
        "takeDamage": 40.0,
        "trakingRaito": 0.5
    }
}
