{
    "FollowCamera": {
        "complement": 0.5,
        "distance": 16.0,
        "easingIndex": 0,
        "limitMaxY": 2.0999999046325684,
        "limitMinY": 4.0,
        "maxSpeed": 60.0,
        "offset": {
            "x": -0.04582133889198303,
            "y": 2.2822532653808594,
            "z": -22.319000244140625
        },
        "rotateDelta": 2.0,
        "smoothTime": 0.18000000715255737
    }
}
