{
    "ActionQuickBoost": {
        "blurStrength": 0.20000000298023224,
        "blurTime": 0.20000000298023224,
        "boostEnergy": 10.0,
        "boostForce": 80.0,
        "cameraShakeStrength": 0.10000000149011612,
        "cameraShakeTime": 0.20000000298023224,
        "decelerationCurve": {
            "controlPoints_1": 1.1796875,
            "controlPoints_2": -0.0078125,
            "controlPoints_3": 0.0,
            "controlPoints_4": 1.0078125
        },
        "decelerationTime": 0.5,
        "vibrateStrength": 1.0,
        "vibrateTime": 0.20000000298023224
    }
}
