{
    "postureStability": {
        "armorColor": {
            "a": 1.0,
            "b": 0.7272255420684814,
            "g": 0.8883720636367798,
            "r": 0.0
        },
        "normalColor": {
            "a": 1.0,
            "b": 0.0,
            "g": 0.9209302067756653,
            "r": 1.0
        },
        "pinchColor": {
            "a": 1.0,
            "b": 0.0,
            "g": 0.11162793636322021,
            "r": 1.0
        },
        "stanColor": {
            "a": 1.0,
            "b": 0.0,
            "g": 0.026089757680892944,
            "r": 0.934883713722229
        }
    }
}
