{
    "playerParameter": {
        "bodyWeight": 18.899999618530273,
        "energy": 100.0,
        "energyRecoveyAmount": 100.0,
        "energyRecoveyCoolTime": 1.0,
        "health": 10000.0,
        "inclineReactionRate": 3.5,
        "inclineStrength": 0.07000000029802322,
        "legColliderPosY": 0.30000001192092896,
        "legColliderRadius": 0.5,
        "postureStability": 300.0,
        "windDrag": 3.0
    }
}
