{
    "ShotAnimation": {
        "offsetZ": -12.399999618530273,
        "time": 0.4000000059604645
    }
}
