{
    "postureStability": {
        "normalColor": {
            "a": 1.0,
            "r": 1.0,
            "g": 0.9209302067756653,
            "b": 0.0
        },
        "pinchColor": {
            "a": 1.0,
            "r": 1.0,
            "g": 0.11162793636322021,
            "b": 0.0
        }
    }
}
