{
    "ShoulderMissile": {
        "pos": {
            "x": 0.6000000238418579,
            "y": 3.5,
            "z": -0.4000000059604645
        }
    }
}
