{
    "FollowCamera": {
        "complement": 0.4000000059604645,
        "distance": 17.0,
        "easingIndex": 0,
        "offset": {
            "x": 0.0,
            "y": 2.5,
            "z": 0.0
        },
        "rotateDelta": 0.03999999910593033
    }
}
