{
    "FollowCamera": {
        "complement": 0.4000000059604645,
        "distance": 16.0,
        "easingIndex": 0,
        "limitMaxY": 2.0999999046325684,
        "limitMinY": 4.0,
        "maxSpeed": 1000.0,
        "offset": {
            "x": 0.0,
            "y": 2.299999952316284,
            "z": -16.200000762939453
        },
        "rotateDelta": 2.0,
        "smoothTime": 0.10000000149011612
    }
}
