{
    "JetBornParticle": {
        "color": {
            "w": 1.0,
            "x": 0.9767441749572754,
            "y": 0.1558353453874588,
            "z": 0.022714991122484207
        },
        "count": 20,
        "damping": 0.0,
        "direction": {
            "x": 0.0,
            "y": -1.0,
            "z": 0.0
        },
        "emit": true,
        "frequency": 0.20000000298023224,
        "frequencyTime": 0.08322979509830475,
        "gravity": 0.0,
        "isOneShot": false,
        "lifeTime": 1.0,
        "maxScale": {
            "x": 0.8100000023841858,
            "y": 0.7200000286102295,
            "z": 1.0
        },
        "minScale": {
            "x": 0.5899999737739563,
            "y": 0.6399999856948853,
            "z": 0.7099999785423279
        },
        "rotate": {
            "w": 1.0,
            "x": 0.0,
            "y": 0.0,
            "z": 0.0
        },
        "shape": 1,
        "speed": 1.0,
        "translate": {
            "x": 0.0,
            "y": 0.0,
            "z": 0.0
        },
        "useTexture": "smoke.png"
    }
}
