{
    "JetEnergyParticles": {
        "angleMax": 360.0,
        "angleMin": 0.0,
        "color": {
            "w": 1.0,
            "x": 0.9860464930534363,
            "y": 0.045862648636102676,
            "z": 0.045862648636102676
        },
        "count": 23,
        "damping": 0.41999998688697815,
        "direction": {
            "x": 0.0,
            "y": -1.0,
            "z": 0.0
        },
        "emit": true,
        "frequency": 0.20000000298023224,
        "frequencyTime": 0.149937704205513,
        "gravity": -8.119999885559082,
        "isDirectionRotate": false,
        "isLifeOfAlpha": true,
        "isLifeOfScale": true,
        "isOneShot": false,
        "isParticleAddBlend": true,
        "isScaleUp": false,
        "lifeTime": 0.9399999976158142,
        "maxScale": {
            "x": 4.590000152587891,
            "y": 2.259999990463257,
            "z": 1.0
        },
        "minScale": {
            "x": 1.5399999618530273,
            "y": 1.5099999904632568,
            "z": 1.0
        },
        "rotate": {
            "w": 1.0,
            "x": 0.0,
            "y": 0.0,
            "z": 0.0
        },
        "rotateAngle": 0.0,
        "scaleUpScale": {
            "x": 0.0,
            "y": 0.0,
            "z": 0.0
        },
        "shape": 0,
        "speed": 1.0,
        "translate": {
            "x": 0.0,
            "y": 0.0,
            "z": 0.0
        },
        "useTexture": "circle.png"
    }
}
