{
    "MachineGunHit": {
        "angleMax": 360.0,
        "angleMin": 0.0,
        "color": {
            "w": 1.0,
            "x": 0.9953488111495972,
            "y": 0.22833269834518433,
            "z": 0.0740724727511406
        },
        "damping": 0.0,
        "direction": {
            "x": 0.0,
            "y": 1.0,
            "z": 0.0
        },
        "duration": 5.0,
        "gravity": 0.0,
        "isDirectionRotate": false,
        "isLifeOfAlpha": false,
        "isLifeOfScale": true,
        "isLoop": false,
        "isParticleAddBlend": true,
        "isScaleUp": false,
        "lifeTime": 0.30000001192092896,
        "maxScale": {
            "x": 1.8700000047683716,
            "y": 2.200000047683716,
            "z": 1.0
        },
        "minScale": {
            "x": 0.5199999809265137,
            "y": 0.8299999833106995,
            "z": 1.0
        },
        "rateOverTimeCout": 10,
        "rotate": {
            "w": 1.0,
            "x": 0.0,
            "y": 0.0,
            "z": 0.0
        },
        "rotateAngle": 0.0,
        "scaleUpScale": {
            "x": 0.0,
            "y": 0.0,
            "z": 0.0
        },
        "shape": 0,
        "speed": 0.0,
        "translate": {
            "x": -4.108753204345703,
            "y": 4.044435501098633,
            "z": 24.248592376708984
        },
        "useTexture": "gunFire.png"
    }
}
