{
    "TargetHealthArcBgUI": {
        "anchorPoint": {
            "x": 0.5,
            "y": 0.5
        },
        "arcRange": 1.518436074256897,
        "center": {
            "x": 0.5,
            "y": 0.5
        },
        "clockwise": 0,
        "color": {
            "a": 1.0,
            "b": 0.0,
            "g": 0.0,
            "r": 0.0
        },
        "drawRange": {
            "x": 360.0,
            "y": 360.0
        },
        "fillAmount": 1.0,
        "fillMethod": 2,
        "fillStartingPoint": 2,
        "innerRadius": 0.4000000059604645,
        "isFlipX": false,
        "isFlipY": false,
        "leftTop": {
            "x": 0.0,
            "y": 0.0
        },
        "outerRadius": 0.44999998807907104,
        "spriteSize": {
            "x": 360.0,
            "y": 360.0
        },
        "startAngle": 3.996764659881592,
        "textureName": "white.png",
        "transform": {
            "rotate": {
                "x": 0.0,
                "y": 0.0,
                "z": 0.0
            },
            "scale": {
                "x": 0.8333333134651184,
                "y": 0.9079445004463196,
                "z": 1.0
            },
            "translate": {
                "x": 641.0574951171875,
                "y": 416.54595947265625,
                "z": 1.0
            }
        },
        "uvTransform": {
            "rotate": {
                "x": 0.0,
                "y": 0.0,
                "z": 0.0
            },
            "scale": {
                "x": 1.0,
                "y": 1.0,
                "z": 1.0
            },
            "translate": {
                "x": 0.0,
                "y": 0.0,
                "z": 0.0
            }
        },
        "windowHeight": 793,
        "windowWidth": 1536
    }
}
