{
    "BossArmorParameter": {
        "baseTexture": "FireNoize.png",
        "color": {
            "w": 1.0,
            "x": 1.0,
            "y": 0.3720930218696594,
            "z": 0.3720930218696594
        },
        "durability": 200.30000305175781,
        "edgeColor": {
            "w": 1.0,
            "x": 1.0,
            "y": 0.24186044931411743,
            "z": 0.24186044931411743
        },
        "localTranslate": {
            "x": 0.0,
            "y": 0.0,
            "z": 0.0
        },
        "maxThreshold": 0.3799999952316284,
        "minThreshold": 0.30000001192092896,
        "noiseTexture1": "noise0.png",
        "noiseTexture2": "FireNoize.png",
        "noiseTexture3": "noise6.png",
        "scale": {
            "x": 8.0,
            "y": 8.0,
            "z": 8.0
        },
        "uvRotate": {
            "x": 0.0,
            "y": 0.0,
            "z": 0.0
        },
        "uvScale": {
            "x": 1.0,
            "y": 1.0,
            "z": 1.0
        },
        "uvTranslate": {
            "x": 0.0,
            "y": 0.0,
            "z": 0.0
        }
    }
}
