{
    "LaserCylinderParameter": {
        "scale": {
            "x": 0.699999988079071,
            "y": 0.699999988079071,
            "z": 1.0
        }
    }
}
